<?xml version="1.0" encoding="utf-8"?>
<!--Arbortext, Inc., 1988-2004, v.4002-->
<!DOCTYPE dita PUBLIC "-//IBM//DTD DITA Composite//EN"
 "ditabase.dtd">
<dita>
<topic id="mainTopic" otherprops="" product="documentTitle" rev="DN0826468">
<title>S60 Haptics API</title>
<prolog>
<copyright><copyryear year="2008"/><copyrholder>Nokia</copyrholder></copyright>
<metadata>
<category>SDK</category>
</metadata></prolog>
<body>
<table audience="S60 licensees" platform="5.1" rev="S605.1licensee">
<title>Changes in S60 5.1 Haptics API documentation</title>
<tgroup cols="4"><colspec colname="COLSPEC0" colwidth="0.67*"/><colspec colname="COLSPEC1"
colwidth="0.87*"/><colspec colname="COLSPEC2" colwidth="0.80*"/><colspec colname="COLSPEC3"
colwidth="1.66*"/>
<thead>
<row>
<entry>Version</entry>
<entry>Date</entry>
<entry>Status</entry>
<entry>Description</entry>
</row>
</thead>
<tbody>
<row>
<entry>1.0</entry>
<entry>28.11.2008</entry>
<entry>Approved</entry>
<entry></entry>
</row>
</tbody>
</tgroup>
</table>
<table audience="S60 SDK" platform="5.1" rev="S605.1SDK">
<title>Changes in S60 5.1 Haptics API</title>
<tgroup cols="2"><colspec colname="COLSPEC0" colwidth="0.33*"/><colspec colname="col1"
colwidth="1.67*"/>
<thead>
<row>
<entry>Version</entry>
<entry>Description</entry>
</row>
</thead>
<tbody>
<row>
<entry>1.0</entry>
<entry>First version</entry>
</row>
<row>
<entry></entry>
<entry></entry>
</row>
</tbody>
</tgroup>
</table>
</body>
</topic>
<topic id="topic1">
<title>Purpose</title>
<body>
<p>With the Haptics API it is possible to produce haptic effects and control
their behavior in the device. E.g., playing an explosion effect in a game
with the device's vibration feature allows the user to feel the haptic feedback
in his hand. The purpose of this API is to provide developers an easy way
to create and use haptic effects. This API provides application developers
a unified interface across different products. The actual physical vibration
and/or motion depends on the settings and the device's configuration. This
document is valid from <?Pub Caret?>release 5.1 onwards.</p>
<p>There are also a few related APIs: </p>
<p><ul>
<li>Tactile Feedback API is used to produce simple haptic feedback, e.g.,
from UI controls.</li>
<li>Tacticons API is used to play tacticons.</li>
</ul></p>
<p> Both of these APIs use the Haptics API to play the actual effects. Often,
in order to produce just simple haptic effects, it is recommended to use these
two APIs instead of the Haptics API directly.</p>
<p>In addition, the Vibra API is available for even simpler vibration effects.</p>
</body>
<topic id="topic1.1">
<title>Constraints</title>
<body>
<p><ul>
<li>This API is valid for all devices running on S60 5.1 release or later.</li>
<li>Periodic effects accurately produce vibration frequencies up to ca. 30
Hz, depending on the device.</li>
<li>Depending on the device, only a subset of all possible logical actuators
can be supported.</li>
</ul></p>
</body>
</topic>
<topic id="topic1.2">
<title>Classification and release information</title>
<body>
<p> This API is an SDK API and was first published for S60 release 5.1.</p>
</body>
</topic>
<topic id="topic1.3">
<title>Emulator support</title>
<body>
<p>The Haptics API has limited support in the WINS/WINSCW emulator environment.
Obviously, it is not possible to feel the physical vibrations in emulator
environment. In target environment, the adaptation layer plug-in dispatches
various haptics-related requests and responses between the API and physical
vibration device driver service. In emulator environment, the plug-in is just
a stub that emulates successful functionality.</p>
</body>
</topic>
</topic>
<topic id="topic2">
<title>API description</title>
<body>
<p>The Haptics API provides methods for controlling the haptics feature of
the device. Both synchronous and asynchronous versions are provided for playing
various types of effects. Only synchronous methods are provided for other
functionalities, such as opening and closing an actuator, reserving and releasing
the haptics feature, and for getting various state and system information
from the haptics. This API is meant for any application that needs to control
the device's haptics feature.</p>
<p>The Haptics API is a Library API that has been implemented using the client-server
architecture. Most of the processing is done on the server side,  the client
side acting mostly as a message passing proxy. However, there is a cache of
loaded effect data that is handled in the client side. </p>
<p>The Haptics API does not require any platform security capabilities.</p>
</body>
<topic id="topic2.1">
<title>Use cases</title>
<body>
<p>The most common use cases are listed below:</p>
<p><b>Initialization</b><ul>
<li>Enquiring which logical actuators are supported by the device</li>
<li>Opening a supported logical actuator</li>
<li>Enquiring the capabilities of an actuator</li>
<li>Setting the license key</li>
</ul></p>
<p><b>Playing the effects</b><ul>
<li>Playing magnitude sweep effects</li>
<li>Playing periodic effects</li>
<li>Playing all kinds of effects (including timeline effects) that are defined
in an effect data buffer read, for example, from a file</li>
<li>Repeating effects (applicable for timeline effects)</li>
<li>Creating and playing streaming effects</li>
<li>Playing multiple effects at the same time</li>
<li>Pausing and resuming the playing of effects</li>
<li>Stopping a specific effect or all effects that are playing</li>
<li>Enquiring the state of the effects (whether playing, paused or not playing)</li>
</ul></p>
<p><b>Using two or more haptics instances</b><ul>
<li>Automatic priority handling via setting the priority level of the client
when using the same logical actuator</li>
<li>Playing multiple effects via different haptics instances</li>
<li>Reserving, and later releasing, the haptics feature for exclusive use</li>
</ul></p>
<p><b>Effects defined in effect data buffers</b><ul>
<li>Loading one or more effect data buffers for simultaneous use</li>
<li>Enquiring information about effects that have been defined within the
loaded effect data buffer(s)</li>
<li>Deleting/unloading effect data buffers after use</li>
</ul></p>
</body>
</topic>
<topic id="topic2.2">
<title>API class structure</title>
<body>
<p>The client creates an instance of the Haptics API's main class <codeph>CHWRMHaptics</codeph>.
If a callback interface is required, the client must implement the appropriate
M class and provide a pointer to the corresponding implementation object when
instantiating the <codeph>CHWRMHaptics</codeph> object. The <codeph>THWRMLogicalActuators</codeph> enumeration
lists the available logical actuators. Some of the logical actuators listed
in the enumeration may not be supported in a particular device. Therefore,
before trying to open an actuator, the developer must check which logical
actuators are actually supported in the device.</p>
<p><fig>
<title>API class structure</title>
<image href="images\haptics_interface_0.3.png"></image></fig> </p>
</body>
</topic>
</topic>
<topic id="topic3">
<title>Using the Haptics API</title>
<body>
<p>In general, using the API consists of the following steps:<ol>
<li>Link the Haptics library (<i>hwrmhapticsclient.lib</i>) to the client
application.</li>
<li>Instantiate an instance of the <codeph>CHWRMHaptics</codeph> class using
the <codeph>NewL()</codeph> static method.<p>Give pointers to objects that
implement the <codeph>MHWRMHapticsObserver</codeph> and <codeph>MHWRMHapticsActuatorObserver</codeph> abstract
interfaces to <codeph>NewL()</codeph> if you want to use observers for haptics-related
notifications.</p></li>
<li>Get a bitmask of supported logical actuators by calling <codeph>SupportedActuators()</codeph>.</li>
<li>Open a supported logical actuator by calling <codeph>OpenActuatorL()</codeph>.</li>
<li>Set the license key by calling <codeph>SetDeviceProperty()</codeph> with
the <codeph>EHWRMHapticsLicensekey</codeph> property.</li>
<li>After the above steps, the rest of the haptics functionality is ready
to be used. This includes playing various types of effects, loading effect
definitions (from effect data buffers), enquiring actuator capabilities, modifying
the effects, etc.</li>
</ol></p>
<p>More detailed instructions for using the API are given in the following
sections.</p>
</body>
<topic id="topic3.1">
<title> Preparing Haptics API for use</title>
<body>
<p>The Haptics API must be initialized by following these steps.</p>
<ol>
<li> Instantiate.</li>
<li> Get supported logical actuators.</li>
<li> Open a supported logical actuator that is most suitable for the application.</li>
<li> Set the license key.</li>
</ol>
<p>If these steps are not followed, the API is unusable as most methods fail
and return either <codeph>KErrNotReady</codeph> or <codeph>KErrAccessDenied</codeph> error
code.</p>
<p>To use all methods of the API, the client must open a logical actuator
that is supported in the system and must set a valid license key.</p>
</body>
<topic id="topic3.1.1">
<title> Instantiating with and without observers</title>
<body>
<p>First the developer must create an instance of the haptics by calling the
static <codeph>NewL()</codeph> method. The <codeph>NewL()</codeph> method
takes pointers to <codeph>MHWRMHapticsObserver</codeph> and <codeph>MHWRMHapticsActuatorObserver</codeph> as
arguments. These can be set to <codeph>NULL</codeph> if the developer does
not want to observe haptics-related status change notifications.</p>
<example><codeblock>// CMyClass example myclass.h file

#include &lt;hwrmhaptics.h>


class CMyClass : public MHWRMHapticsObserver, MHWRMHapticsActuatorObserver
    {
    public:

        static CMyClass NewL();
        ~CMyClass();

    public:

        /**
         * Inherited from MHWRMHapticsObserver
         */

        /**
         * Notification of status changes of the haptics feature itself
         * such as e.g. EHWRMHapticsStatusOn or EHWRMHapticsStatusStopped
         */
        void HapticsStatusChangedL( THWRMHapticsStatus aStatus );

	/**
         * Notification of the completion of playing of an effect
         */
        void EffectCompletedL( TInt aError, TInt aEffectHandle );

   public: 

        /**
         * Inherited from MHWRMHapticsActuatorObserver
         */

        /**
         * Notification of logical actuator related event. Currently
         * there are events defined for attaching an actuator, 
         * detaching an actuator, and for enabling and disabling one
         */
        void ActuatorEventL( THWRMActuatorEvents aEvent, THWRMLogicalActuators aActuator );

    private:
      
        CMyClass();
        void ConstructL();
        void InitializeActuatorL( const TDesC8&amp; aLicenseKey );

    private:

        CHWRMHaptics* iHaptics;
    };

// ...

// ------------------------------------------

// CMyClass example *.cpp file

#include "myclass.h"

void CMyClass::ConstructL()
    {
    // Instantiating with no observers
    iHaptics = CHWRMHaptics::NewL( NULL, NULL );
    
    // Example for instantiating with haptics status observer
    CHWRMHaptics* haptics1 = CHWRMHaptics::NewL( this, NULL );
    CleanupStack::PushL( haptics1 );

    // Example for instantiating with both haptics status observer and actuator observer
    CHWRMHaptics* haptics2 = CHWRMHaptics::NewL( this, this );
    CleanupStack::PushL( haptics2 );

    // ... 

    CleanupStack::PopAndDestroy( haptics2 );
    CleanupStack::PopAndDestroy( haptics1 );
    }
</codeblock></example>
</body>
</topic>
<topic id="topic3.1.2">
<title> Checking supported logical actuators</title>
<body>
<p>Checking which logical actuators are supported in the device is done by
calling the <codeph>SupportedActuators()</codeph> method. As a parameter,
the method takes a reference to a <codeph>TUint32</codeph> variable, which
contains a bitmask of supported logical actuators. The bitmask is populated
using <codeph>THWRMLogicalActuators</codeph>  enumerations, and can be evaluated
using bitwise operators with these enumerations. An example is shown below.</p>
<example><codeblock>...

// Variable for receiving the bitmask of logical actuators supported in the device.
TUint32 suppActuators( 0 );

User::LeaveIfError( iHaptics->SupportedActuators( suppActuators ) );

// Check the returned bitmask against logical actuators enumerations
// and choose the most suitable for the given application, e.g.
if ( EHWRMLogicalActuatorGame &amp; suppActuators )
    {
    // Open the most suitable supported actuator (see next section)
    }
else if ( EHWRMLogicalActuatorDevice &amp; suppActuators )
    {
    // Open the second most suitable supported actuator 
    }
// etc.
</codeblock></example>
</body>
</topic>
<topic id="topic3.1.3">
<title> Opening a supported logical actuator</title>
<body>
<p>Opening the actuator is done by calling the <codeph>OpenActuatorL()</codeph> method.
Immediately after opening an actuator, it is necessary to set a license key
for the haptics in order to unlock the Haptics API's full functionality. The
license key is set by calling the <codeph>SetDeviceProperty()</codeph> method
for the <codeph>EHWRMHapticsLicensekey</codeph> property. The property value
must be set to a platform-dependent license key issued by Forum Nokia.</p>
<example><codeblock>
// Note: License keys are 32 bytes long data buffers of TUint8 data
void CMyClass::InitializeActuatorL( const TDesC8&amp; aLicenseKey )
    {
    // open a supported logical actuator
    iHaptics->OpenActuatorL( EHWRMLogicalActuatorGame );

    // set the license key for the opened logical actuator
    TInt licenseErr( 0 );
    licenseErr = iHaptics->SetDeviceProperty( CHWRMHaptics::EHWRMHapticsLicensekey, aLicenseKey );

    if( licenseErr == KErrAccessDenied )
        {
        // the license key was wrong
        }
    }
</codeblock></example>
</body>
</topic>
<topic id="topic3.1.4">
<title> Checking the capabilities of a supported logical actuator</title>
<body>
<p>In some cases the application may need to enquire the capabilities of an
actuator. For example, it needs to take specific actions depending on, e.g.,
such capabilities as the number of effect slots or the minimum period for
periodic effects.</p>
<p>The capabilities of a supported logical actuator are checked by calling
the <codeph>GetDeviceCapability()</codeph> method with one of the <codeph>THWRMHapticsDeviceCapabilityTypes</codeph> enumerations
as the first parameter. A reference to a variable into which the returned
capability value is to be stored is given as the second parameter. Depending
on the capability in question, the returned capability value can be an integer
or a descriptor containing an 8-bit data buffer. The <codeph>GetDeviceCapability()</codeph> method
has overloaded versions where the second parameter is either a <codeph>TInt&amp;</codeph> reference
or a <codeph>TDes8&amp;</codeph> reference.</p>
<example><codeblock>// Example: fetching the actuator's minimum period value and name
TInt minPeriod( 0 ); // variable to receive the mimimun period for periodic effects
User::LeaveIfError( iHaptics->GetDeviceCapability( CHWRMHaptics::EHWRMHapticsMinPeriod, minPeriod ) );
    
RBuf8 name;
name.CreateL( iHaptics->MaxDeviceNameLength() );
CleanupClosePushL( name );
User::LeaveIfError( iHaptics->GetDeviceCapability( CHWRMHaptics::EHWRMHapticsDeviceName, name ) );

// ... 

CleanupStack::PopAndDestroy( &amp;name );

</codeblock></example>
</body>
</topic>
<topic id="topic3.1.5">
<title> Checking and setting the haptics properties</title>
<body>
<p>The Haptics API provides means for getting and setting some of the haptics
properties. The available properties are defined in the <codeph>THWRMHapticsDevicePropertyType</codeph> enumeration.
These include such items as the already demonstrated license key, various
strength and priority settings, and a setting that determines whether the
effect playing is disabled or not. Successfully setting some of these can
require a prior setting of the OEM license key. The example below shows how
to get and set the strength property.</p>
<example><codeblock>
// the actuator has been opened and the license key has been set successfully.

TInt strength;
User::LeaveIfError( iHaptics->GetDeviceProperty( CHWRMHaptics::EHWRMHapticsStrength, strength ) );

// E.g., forcing the value to meet the threshold criteria.
// This setting has an impact on all effects of this client
if ( strength &lt; 5000 )
   {
   User::LeaveIfError( iHaptics->SetDeviceProperty( CHWRMHaptics::EHWRMHapticsStrength, 5000 ) );
   }
</codeblock></example>
</body>
</topic>
<topic id="topic3.1.6">
<title> Reserving haptics</title>
<body>
<p>The Haptics API allows a client to exclusively reserve the haptics feature.
This may be feasible, e.g., in game applications where the haptic effects
from other sources than the game itself may be undesirable. It is possible
for a higher priority client application to override previous reservation
made by a lower priority application. This new reservation suspends the current
reservation until the higher priority reservation is released.</p>
<p><b>Note:</b> The suspension applies only to the use of the haptics feature,
i.e., except for the haptics, the suspended application can continue its processing
normally.</p>
<p>There are two kinds of reservations: one in which the foreground/background
status of the application determines whether the reservation is applied, and
one in which the reservation is forced and held by the reserving application
regardless of its foreground/background status. Only trusted applications
may reserve the haptics in the forced mode. The client application is considered
trusted if it has a priority defined in the haptics policy file. The policy
files can be modified by S60 licensees. </p>
<example><codeblock>// Reserving the haptics
TBool forcedReserve( EFalse );
TRAPD( err, iHaptics->ReserveHapticsL( forcedReserve ) );
if ( !err )
   {
   // haptics is now reserved for this application..
   // ...

   // Release the reservation
   iHaptics->ReleaseHaptics(); // always succeeds 
   }
</codeblock></example>
</body>
</topic>
</topic>
<topic id="topic3.2">
<title> Effects</title>
<body>
<p>The Haptics API can be used to play different types of effects. There are
three categories of effects: </p>
<p><ul>
<li>Simple (basic) effects<p>Simple effects are effects that the developer
can create and play at run-time directly using the appropriate API methods
as described in <xref href="#topic3.2.1">Simple effects</xref>.</p></li>
<li>Streaming effects<p>Streaming effects allow for fine-tuned haptics synchronization,
for example, with sound. The application provides periodically smallish effect
samples that are then played by the haptics player.</p></li>
<li>Timeline effects<p>The timeline effects are constructed from possibly
several simple effects that have been scheduled over time. The timeline effects
cannot be created and played directly using the API methods. They must be
defined in an effect data buffer.</p></li>
</ul></p>
<p>Once the effects have been created, the effect-definitions are exported
to a binary format file that is loaded to the mobile device. The Haptics API
has methods for loading the effect data buffer (read from a file) to the Haptics
subsystem and methods for, e.g., playing and modifying the effects contained
within the file.</p>
<p><b>Note:</b> Although the sections below introduce synchronous versions
of the play and modify methods, there are also asynchronous variants of these
methods that take a <codeph>TRequestStatus</codeph> reference as an argument
and return immediately. The synchronous versions of the methods shown in the
sections below usually return after the Haptics command data corresponding
to the API call has been propagated to Haptics server side and the server
has sent back a response. This does not mean that, e.g., the synchronous play
method call only returns when the effect has stopped playing. Instead, this
means that the server side has received the data needed for playing the effect,
evaluated the data, created an effect handle and returned the handle to the
client side.</p>
</body>
<topic id="topic3.2.1">
<title>Simple effects</title>
<body>
<p>There are two types of simple effects: magnitude sweep effects and period
effects. Magnitude sweep effects vibrate at a magnitude and device-dependent
constant rate (vibration frequency). Periodic effects allow the period of
vibration (frequency) to be explicitly controlled independently of magnitude.</p>
<p>Both magnitude sweep and periodic effects have a set of envelope parameters
that control the duration and strength of the vibration. They are defined
in <codeph>THWRMHapticsMagSweepEffect</codeph> and <codeph>THWRMHapticsPeriodicEffect</codeph> structs.
Effects can be formed at run-time by creating and filling in structs with
effect-specific data, and then played by calling the <codeph>PlayMagSweepEffect()</codeph> and <codeph>PlayPeriodicEffect()</codeph> methods
with the created structs as arguments. There are different effect styles (defined
in <codeph>THWRMHapticsEffectStyles</codeph> enumeration) that have an impact
on the feel of the effects.</p>
<p>The example below shows how magnitude sweep and periodic effects are formed
and played. It also shows a couple of ways to stop playing effects before
their defined playing duration expires.</p>
<example><codeblock>/**
* Defining magnitude sweep effect parameters
*/

CHWRMHaptics::THWRMHapticsMagSweepEffect magSweepEff;
 
magSweepEff.iDuration = 5000;                // Duration of the effect in milliseconds.
magSweepEff.iMagnitude = KHWRMHapticsMaxMagnitude/2;       // Magnitude, 50% of maximum
magSweepEff.iStyle = CHWRMHaptics::EHWRMHapticsStyleSharp; // Style of the effect.

magSweepEff.iAttackTime = 250;               // Time to ramp up from the level of magnitude defined
                                             // in iAttackLevel to the magnitude defined in iMagnitude
                                             // in the beginning of the effect.

magSweepEff.iAttackLevel = KHWRMHapticsMaxMagnitude; // Attack level ranges from KHWRMHapticsMinMagnitude 
                                                     // to KHWRMHapticsMaxMagnitude.

magsWeepEff.iFadeTime = 250;                 // Time ramp down the effect to the level of magnitude 
                                             // defined by iFadeLevel in the end of the effect.

magsweepEff.iFadeLevel = 0;                  // Fade level of attack level ranges from KHWRMHapticsMinMagnitude 
                                             // to KHWRMHapticsMaxMagnitude.

/**
* Playing a MagSweep effect and stopping it
*/

// Variable whose reference is given as an argument to PlayMagSweepEffect. 
// The reference is used to return handle for the playing effect.
TInt magSweepHandle ( 0 );
iHaptics->PlayMagSweepEffect( magSweepEff, magSweepHandle );

// This delay is just an example. The effect is stopped after a delay
TTimeIntervalMicroSeconds32 delay( 2000000 );
User::After( delay );

// Use the effect handle to define which effect to stop
iHaptics->StopPlayingEffect( magSweepHandle );

/**
* Playing a Periodic effect and stopping all playing effects
*/

CHWRMHaptics::THWRMHapticsPeriodicEffect periodicEff;
 
// This example shows how to define infinite playing duration
periodicEff.iDuration = iHaptics->InfiniteDuration();
periodicEff.iMagnitude = KHWRMHapticsMaxMagnitude/4; // 25% of maximum
// Struct for defining periodic effects has an extra data member that can be used 
// to define the period of vibration in milliseconds.  
periodicEff.iPeriod = 200;
periodicEff.iStyle = CHWRMHaptics::EHWRMHapticsStyleSmooth;
periodicEff.iAttackTime = 250;
periodicEff.iAttackLevel = 0;
periodicEff.iFadeTime = 250;
periodicEff.iFadeLevel = 0;

TInt periodicHandle( 0 );
iHaptics->PlayPeriodicEffect( periodicEff, periodicHandle );

TTimeIntervalMicroSeconds32 delay( 1000000 );
User::After( delay );

// There's a special API method for stopping all playing effects of
// the client application. 
iHaptics->StopAllPlayingEffects();
</codeblock></example>
</body>
</topic>
<topic id="topic3.2.2">
<title>Modifying a currently playing simple effect</title>
<body>
<p>The Haptics API provides methods for modifying simple effects that are
already playing. The parameters that are used to modify an effect are the
same as those used to play the effect, except that the effect handle obtained
from initially playing the effect is passed as an input argument to the modify
method.</p>
<example><codeblock>/**
* Playing a MagSweep effect and modifying it.
*/
magSweepEff.iDuration = 6000;                        // duration in milliseconds
magSweepEff.iMagnitude = KHWRMHapticsMaxMagnitude/5; // 20% magnitude of the max magnitude.

TInt magSweepHandle( 0 );
haptics->PlayMagSweepEffect( magSweepEff, magSweepHandle );

// this delay is just an example
// effect duration was 6 secs, so wait 2 secs to allow the effect to start playing
TTimeIntervalMicroSeconds32 delay( 2000000 ); 
User::After( delay );

magSweepEff.iMagnitude = KHWRMHapticsMaxMagnitude/2; // change the magnitude of the effect

User::LeaveIfError( haptics->ModifyPlayingMagSweepEffect( magSweepHandle, magSweepEff ) );

</codeblock></example>
</body>
</topic>
<topic id="topic3.2.3">
<title>Streaming effects</title>
<body>
<p>The streaming effect functionality is designed for using haptics with streaming
media applications. When using the streaming functionality, the application
periodically supplies small samples of effect data to be rendered by calling
the <codeph>PlayStreamingSample()</codeph> method. Streaming effects allow
for proper multimedia synchronization over arbitrary time spans.</p>
<example><codeblock>/**
* Creating a streaming effect, playing streaming samples
* and destroying a streaming effect
*/

// Variable whose reference is given as an argument to CreateStreamingEffect.
// The reference is used to return a handle to the created streaming effect.
TInt streamingHandle( 0 );
User::LeaveIfError( iHaptics->CreateStreamingEffect( streamingHandle ) );

...

// Example of a function that gets called when a new streaming sample is ready.
void StreamingDataUpdated( const TDesC8&amp; aData, TInt aStreamingHandle )
    {
    // PlayStreamingSample method is called with the handle obtained from creation of
    // the streaming effect above and with the new data sample
    iHaptics->PlayStreamingSample( aStreamingHandle, aData );
    }

...

// Eventually the streaming effect should be destroyed to release any reserved resources.
iHaptics->DestroyStreamingEffect( streamingHandle );
</codeblock></example>
</body>
</topic>
<topic id="topic3.2.4">
<title>Effect data buffers</title>
<body>
<p>The Haptics API provides methods for playing effects defined in effect
data buffers. An effect data buffer is a binary buffer that contains effect
definitions and additional metadata relating to those effects. The buffer
can contain just simple effects or simple effects and timeline effects that
are constructed from those simple effects scheduled over time.</p>
<p>Effect data buffers provide an alternative way of defining simple effects,
besides using the Haptics API methods to programmatically create haptic effects
with parameter values. The Haptics API does not provide functions to explicitly
define timeline effects. Therefore the effect data buffers are the only way
to present timeline effects to the Haptics API.</p>
<p>There are two ways to play effects from effect data buffers. Either by
directly calling a <codeph>PlayEffect()</codeph> variant that takes as an
argument a descriptor containing the data, or by first loading the data buffer
to the Haptics system (<codeph>LoadEffectFile()</codeph>) and then using a
variant of <codeph>PlayEffect()</codeph> that does not take the data buffer
as an argument but instead uses the previously loaded data. The call to <codeph>LoadEffectFile()</codeph> returns
a file handle to the caller. The handle is then given as an argument to the
play method, thus allowing the haptics system to distinguish from which loaded
effect data buffer to play the effect. The example below shows both of these
alternatives. Note that it is possible to load data from several data buffers
into the Haptics system. The file handles returned from the <codeph>LoadEffectData()</codeph> call
are used to distinguish between the effects defined in different loaded buffers.</p>
<p>Once the data from an effect data buffer has been loaded into the Haptics
system, there are methods for enquiring various attributes of the effects
contained within the loaded data. The <codeph>GetEffectCount()</codeph> method
returns the number of individual effects within the data. <codeph>GetEffectType()</codeph>, <codeph>GetEffectDuration()</codeph> and <codeph>GetEffectName()</codeph
> methods are used (with index of the effect given as an argument) to get
effect-specific information. For magnitude sweep and periodic effects, it
is possible to get the whole effect definition by calling <codeph>GetMagSweepEffectDefinition()</codeph> or <codeph>GetPeriodicEffectDefinition()</codeph
>. There is also a useful <codeph>GetEffectIndexFromName()</codeph> method
that can be used to get the index of an effect within the effect data buffer
from the effect's name as shown in the example below.</p>
<example><codeblock>/**
* Preparing to use an effect file.
*/

RFs fs;
CleanupClosePushL( fs );
User::LeaveIfError( fs.Connect() );
_LIT( KPathToEffectDataFolder, "C://SomePathTo//EffectDataFolder//" );
fs.SetSessionPath( KPathToEffectDataFolder );

RFile file;
CleanupClosePushL( file );
_LIT( KFileName, "ExampleEffectsFile" );
User::LeaveIfError( file.Open( fs, KFileName, EFileRead ) );

TInt fileSize( 0 );
User::LeaveIfError( file.Size( fileSize ) );

HBufC8* dataBuffer = HBufC8::NewLC( fileSize );
TPtr8 readBuf = dataBuffer->Des();
User::LeaveIfError( file.Read( readBuf ) );

/**
* Load effect data buffer first. Then play an effect from it.
*/

// A variable into which a handle for the loaded data is stored. A reference to
// this variable is given as an argument to LoadEffectFile for the Haptics to assign.
TInt fileHandle( 0 );
User::LeaveIfError( iHaptics->LoadEffectFile( *dataBuffer, fileHandle ) );

TInt effectIndex( 1 );  // index of the effect inside the data that we want to play;
TInt effectHandle( 0 ); // variable to receive the effect handle of the playing effect

iHaptics->PlayEffect( fileHandle, effectIndex, effectHandle );

// Often the index of an individual effect inside the data is not known beforehand. It can be queried
// using the effect's name
_LIT( KEffectName, "ExampleEffect" );
User::LeaveIfError( iHaptics->GetEffectIndexFromName( fileHandle, KEffectName, effectIndex ) );
iHaptics->PlayEffect( fileHandle, effectIndex, effectHandle );

/**
* Effects can also be played directly (without first loading the effect data buffer to Haptics)
* by giving a reference to a descriptor containing the data buffer as an argument.
*/

iHaptics->PlayEffect( *dataBuffer, effectIndex, effectHandle );

CleanupStack::PopAndDestroy( dataBuffer );
CleanupStack::PopAndDestroy( &amp;file );
CleanupStack::PopAndDestroy( &amp;fs );
//...
// Eventually the loaded data should be deleted to release reserved resources
// Note: Actually the resources are released also when client closes the haptics
iHaptics->DeleteEffectData( fileHandle ); // or iHaptics->DeleteAllEffectData() to delete all datas
                                          // loaded by this application. 

</codeblock></example>
<p><b>Note:</b> For timeline effects there is also a method called <codeph>PlayEffectRepeat() </codeph> that
can be used to request repeated playing of an effect. The number of repeats
is given as an argument. If a timeline effect needs to be repeated infinite
times, the value returned from a call to the Haptics API's <codeph>InfiniteRepeat()</codeph> method
must be used as a repeat argument. For other types of effects than timeline
effects, the repeat method plays the effect just once (i.e., for non-timeline
effects this is equivalent to the normal <codeph>PlayEffect()</codeph> method).</p>
</body>
</topic>
<topic id="topic3.2.5">
<title>Pausing and resuming playing of effects</title>
<body>
<p>It is possible to pause an effect during its playing and then later resume
the playing using the Haptics API's methods <codeph>PausePlayingEffect()</codeph> and <codeph>ResumePausedEffect()</codeph> respectively
as shown in the example below. After resuming the previously paused effect,
its playing is continued from the point where it was paused.</p>
<example><codeblock>// we have started the playing of a longish effect and have stored its handle to the effectHandle variable
// First, pause the playing of the effect
User::LeaveIfError( iHaptics->PausePlayingEffect( effectHandle ) );

// Then, resume the playing
User::LeaveIfError( iHaptics->ResumePausedEffect( effectHandle ) );
</codeblock></example>
</body>
</topic>
</topic>
<topic id="topic3.3">
<title>Error handling</title>
<body>
<p>The leave mechanism and return values are used to indicate errors. Normal
Symbian OS error handling practices should be used, including, e.g., using
the cleanup stack and the <codeph>TRAP</codeph> harness.</p>
<p>Some typical error codes:<ul>
<li><codeph>KErrAccessDenied</codeph>: the license key is not set or when
setting the license key, the provided key is not accepted.<p>A typical license
key format is a 32-character-long string. Characters are encoded in 8-bytes,
thus not in Unicode.</p></li>
<li><codeph>KErrNotSupported</codeph>, when calling <codeph>OpenActuatorL()</codeph> with
a logical actuator that is not supported by the system. This error code is
also returned if trying to set or get an incompatible property or capability
type. </li>
<li><codeph>KErrArgument</codeph>, argument passed to a method was invalid.</li>
<li><codeph>KErrNotReady</codeph>, when trying to use the Haptics API's methods
before it has been properly initialized.</li>
</ul></p>
<p>The Haptics API does not have many leaving methods as handling leaves is
slow. An opportunity to do something about an error has already passed when
the leave is caught in the TRAP harness.</p>
</body>
</topic>
<topic id="topic3.4">
<title>Memory overhead</title>
<body>
<p>Using of the Haptics API can cause an additional memory overhead since
a loaded effect data buffer cache is implemented in the client side. The amount
of memory needed depends on the number and size of the loaded data buffers.
In real life situations, the memory overhead is quite small though since the
binary format of the effect data is compact and usually there are only a few
effect data buffers loaded simultaneously per client. To keep the memory overhead
as low as possible, the client should delete the loaded effect data buffers
(<codeph>DeleteEffectData()</codeph>) whenever the data buffer becomes obsolete.</p>
</body>
</topic>
<topic id="topic3.5">
<title>Extensions to the API</title>
<body>
<p> The API does not explicitly support any kinds of extensions to it.</p>
</body>
</topic>
<topic id="topic3.6">
<title>Limitations of the API</title>
<body>
<p>A valid license key is needed for using the Haptics API. See Forum Nokia
web site (<xref href="http://www.forum.nokia.com/">http://www.forum.nokia.com/</xref>)
for information how a license key can be acquired.</p>
</body>
</topic>
</topic>
<topic id="topic4">
<title>Glossary</title>
<body>
<p> </p>
</body>
<topic id="topic4.1">
<title>Abbreviations</title>
<body>
<p><table>
<tgroup cols="2"><colspec colname="col1" colwidth="0.46*"/><colspec colname="col2"
colwidth="1.54*"/>
<tbody>
<row>
<entry>API</entry>
<entry>Application Programming Interface</entry>
</row>
<row>
<entry>WINS</entry>
<entry>Windows (Visual Studio®) compilation</entry>
</row>
<row>
<entry>WINSCW</entry>
<entry>Windows (CodeWarrior®) compilation</entry>
</row>
</tbody>
</tgroup>
</table></p>
</body>
</topic>
<topic id="topic4.2">
<title>Definitions</title>
<body>
<table frame="all">
<tgroup cols="2"><colspec colname="col1"/><colspec colname="col2"/>
<tbody>
<row>
<entry colsep="1" rowsep="1">Haptics</entry>
<entry rowsep="1">Haptics technology refers to technology which interfaces
with the user via the sense of touch by applying forces, vibrations and/or
motions to the user.</entry>
</row>
<row>
<?PubTbl row rht="0.35in"?>
<entry colsep="1">Magnitude Sweep effect (MagSweep)</entry>
<entry>Type of simple effect. Vibrates at a magnitude and device-dependent
rate.</entry>
</row>
<row>
<?PubTbl row rht="0.35in"?>
<entry>Periodic effect (Periodic)</entry>
<entry>Type of simple effect. Periodic effects allow the period or speed of
vibration to be explicitly controlled independent of magnitude.</entry>
</row>
<row>
<?PubTbl row rht="0.35in"?>
<entry>Timeline effect</entry>
<entry>Type of effect that consists of simple effects scheduled over time.</entry>
</row>
<row>
<?PubTbl row rht="0.35in"?>
<entry>Effect data buffer</entry>
<entry>Binary data buffer that contains effect definitions. It can have simple
effects only or simple effects and timeline effects constructed from those
simple effects.</entry>
</row>
<row>
<?PubTbl row rht="0.35in"?>
<entry>Actuator</entry>
<entry>In haptics context, an actuator refers to any kind of mechanic device
that creates the physical movement in the device, e.g., Vibra.</entry>
</row>
<row>
<?PubTbl row rht="0.35in"?>
<entry>Haptics device capability</entry>
<entry>Capability of an actuator, e.g., minimum and maximum period and duration
of effect playing, actuator type, etc.</entry>
</row>
<row>
<entry>Haptics device property</entry>
<entry>Properties of the haptics system that can be set and enquired. The
most essential is the license key that must be correctly set by the application
in order to unlock the full functionality of the haptics system. Others include
haptics instance and system-wide strength and priority settings.</entry>
</row>
</tbody>
</tgroup>
</table>
</body>
</topic>
</topic>
<topic id="topic">
<title>References</title>
<body>
<p>None.</p>
</body>
</topic>
</dita>
<?Pub *0000038248 0?>
