﻿<?xml version="1.0" encoding="utf-8"?>
<!--Arbortext, Inc., 1988-2004, v.4002-->
<!DOCTYPE dita PUBLIC "-//IBM//DTD DITA Composite//EN"
 "ditabase.dtd">
<?Pub UDT instructions _comment FontColor="red"?>
<?Pub UDT template _font?>
<?Pub Inc?>
<dita xmlns:atict="http://www.arbortext.com/namespace/atict"><atict:info tracking="off"
ref="0"/><atict:user user="laleskin" fullname="Leskinen Lauri (EXT-Kudos-MSW/Helsinki)"/>
<atict:user user="petuomin" fullname="Tuominen Petteri (Nokia-TP-MSW/Helsinki)"/>
<topic id="mainTopic" otherprops="" product="documentTitle" rev="DN0645972">
<title>S60 3.2: System Startup Extension Plug-in API Specification</title>
<prolog>
<copyright><copyryear year="2006"/><copyrholder>Nokia</copyrholder></copyright>
<metadata>
<category>Domain</category>
</metadata></prolog>
<body>
<table audience="S60 licensees" platform="3.2" rev="S603.2licensee">
<title>Changes in S60 System Startup Extension Plug-in API documentation</title>
<tgroup cols="4">
<?PubTbl tgroup rth="1.00pt"?>
<colspec colname="col1" colwidth="0.67*"/><colspec colname="col2" colwidth="0.67*"/>
<colspec colname="col3" colwidth="1.33*"/><colspec colname="col4" colwidth="1.33*"/>
<thead>
<row>
<entry>Version</entry>
<entry>Date</entry>
<entry>Status</entry>
<entry>Description</entry>
</row>
</thead>
<tbody>
<row>
<entry>1.1</entry>
<entry>30.06.2006</entry>
<entry>Approved</entry>
<entry>More detailed description and an example added.</entry>
</row>
<row>
<entry>1.0</entry>
<entry>06.06.2006</entry>
<entry>Approved</entry>
<entry></entry>
</row>
</tbody>
</tgroup>
</table>
<table audience="" platform="3.2" rev="S603.2licensee">
<title>Changes in S60 System Startup Extension Plug-in API </title>
<tgroup cols="2"><colspec colname="COLSPEC0" colwidth="0.33*"/><colspec colname="col1"
colwidth="1.67*"/>
<thead>
<row>
<entry>Version</entry>
<entry>Description</entry>
</row>
</thead>
<tbody>
<row>
<entry></entry>
<entry></entry>
</row>
<row>
<entry></entry>
<entry></entry>
</row>
</tbody>
</tgroup>
</table>
</body>
</topic>
<topic id="topic1">
<title>Purpose</title>
<body>
<p>The purpose of System Startup Extension Plug-in API is to allow extending
the startup process without having to modify S60 Starter Server. The system
startup process and S60 Starter Server are described in more detail in reference
documents <xref href="#topic4.3">[1]</xref> and <xref href="#topic4.3">[2]</xref>. </p>
<p>The system startup can be customized by configuring the system startup
configuration resource. Basically, the system startup configuration resource
contains lists of the executables to be started in each phase of the startup
process. Other custom actions besides starting executables can be added to
the system startup configurations by implementing them in DLLs. The DLLs must
implement System Startup Extension Plug-in API. </p>
<p>System startup extension plug-ins can be used to add small tasks to the
startup process without the need to start a process to handle the tasks. For
example, DB recovery is a task that does not necessarily require starting
a process to handle the task, but it can be executed by a plug-in DLL. Restore
factory settings operation is also such a task. </p>
<p>Another use of system startup extension plug-ins is starting those processes
that cannot be started by simply creating the process by executable name and
giving command line arguments. They may require connecting to some server
or performing some other special processing to start. The code required for
starting this kind of servers can be implemented in a system startup extension
plug-in, which can then be added to the system startup configuration.</p>
</body>
<topic id="topic1.1">
<title>S60 or Symbian OS exceptions</title>
<body>
<p> System Startup Extension Plug-in API is valid from S60 release 3.2 onwards.</p>
</body>
</topic>
</topic>
<topic id="topic2">
<title>API description</title>
<body>
<p>System Startup Extension Plug-in API is an ECom API defining a virtual
base class from which all system startup extension plug-in implementations
must be derived. System startup extension plug-ins are optional - it is allowed
to have zero system startup extension plug-in implementations in a system.</p>
<p>To add a system startup extension plug-in implementation as part of the
system startup, it should be added to the system startup configuration resource
using Startup List API (see reference document <xref href="#topic4.3">[3]</xref>).
If a system startup extension plug-in implementation has not been included
in the system startup configuration resource, it is not loaded or executed
during the system startup.</p>
<p>System startup extension plug-ins should not be used to execute very time-consuming
tasks, because that makes the overall startup time longer. The plug-ins are
loaded into S60 Starter Server's thread, so they also consume S60 Starter
Server's heap and stack space. Thus, when writing system startup extension
plug-ins, performance and memory consumption issues should be considered carefully.</p>
<p>Because system startup extension plug-ins run in S60 Starter Server's thread,
they need to have enough capabilities, specifically the capability set of <codeph>CAP_GENERAL_DLL</codeph>.
Due to security reasons, system startup extension plug-ins can only be loaded
from the Z: drive.</p>
</body>
<topic id="topic2.1">
<title>Use cases</title>
<body>
<p>Using System Startup Extension Plug-in API means implementing a system
startup extension plug-in.</p>
</body>
</topic>
<topic id="topic2.2">
<title>API class structure</title>
<body>
<p>The class structure of System Startup Extension Plug-in API is shown in
Figure 1.</p>
<p><fig>
<title>Structure of system startup extension plug-in API</title>
<image href="images\System_Startup_Extension_Plugin.PNG"></image></fig></p>
<p>All system startup extension plug-in implementations should be derived
from the <codeph>CSystemStartupExtension</codeph> base class. S60 Starter
Server instantiates the plug-in implementation using ECom based on the plug-in
implementation UID.</p>
</body>
</topic>
</topic>
<topic id="topic3">
<title>Using System Startup Extension Plug-in API</title>
<body></body>
<topic id="topic3.1">
<title> Implementing a system startup extension plug-in</title>
<body>
<p></p>
<p>To implement a system startup extension plug-in, derive a class from the <codeph>CSystemStartupExtension</codeph> base
class and implement its <codeph>ExecuteL</codeph> and <codeph>Cancel</codeph> functions.</p>
<p><b>Example:</b></p>
<codeblock>class CMyStartupExtensionPlugin : public CSystemStartupExtension
    {
    public:
        IMPORT_C static CMyStartupExtensionPlugin* NewL( TAny* aConstructionParameters );
        virtual ~CMyStartupExtensionPlugin();
        virtual void ExecuteL( TRequestStatus&amp; aStatus, const TDesC&amp; aParams );
        virtual void Cancel();
    private:
        CMyStartupExtensionPlugin( TAny* aConstructionParameters );
        void ConstructL();
    };
</codeblock>
<p>A DLL implementing a system startup extension plug-in should contain an <i>ECom
factory method</i> for creating an instance of the plug-in class. In the example
below, the factory method is named <codeph>NewL</codeph>.</p>
<p><b>Example:</b></p>
<codeblock>const TImplementationProxy ImplementationTable[] =
    {
    IMPLEMENTATION_PROXY_ENTRY( 0x????????, CMyStartupExtensionPlugin::NewL )
    };
 
EXPORT_C const TImplementationProxy* ImplementationGroupProxy( TInt&amp; aTableCount )
    {
    aTableCount = sizeof( ImplementationTable ) / sizeof( TImplementationProxy );
    return ImplementationTable;
    }
   
</codeblock>
<p><codeph>CSystemStartupExtension</codeph> constructor takes the construction
parameters as a <codeph>TAny*</codeph> value. <codeph>CSystemStartupExtension</codeph> expects
the value to be exactly the same that has been passed to ECom when the request
has been made to construct the plug-in. Never pass NULL as constructor parameter.
Instead, create a factory method with the same signature as <codeph>CSystemStartupExtension</codeph> constructor,
and<?Pub Caret?> pass the parameter to the constructor.</p>
<p><b>Example:</b></p>
<codeblock>CMyStartupExtensionPlugin* CMyStartupExtensionPlugin::NewL( TAny* aConstructionParameters )
    {
    CMyStartupExtensionPlugin* self = new( ELeave ) CMyStartupExtensionPlugin( aConstructionParameters );
    CleanupStack::PushL( self );
    self->ConstructL();
    CleanupStack::Pop( self );
    return self;
    }

CMyStartupExtensionPlugin::CMyStartupExtensionPlugin( TAny* aConstructionParameters )
  : CSystemStartupExtension( aConstructionParameters )
    {
    }
</codeblock>
<p>A class derived from <codeph>CSystemStartupExtension</codeph> must provide
an implementation for the <codeph>ExecuteL</codeph> function to actually initiate
the task the plug-in is intended to handle.</p>
<p><codeph>ExecuteL</codeph> should pass the request status object given as
a parameter to the service handler that implements the actual service logic.</p>
<p>Time-consuming synchronous function calls in <codeph>ExecuteL</codeph> should
be avoided whenever possible, because they block S60 Starter Server's main
thread. Never call <codeph>User::WaitForRequest</codeph> in <codeph>ExecuteL</codeph>.</p>
<p><b>Example:</b></p>
<codeblock>void CMyExtensionPlugin::ExecuteL(
    TRequestStatus&amp; aStatus,
    const TDesC&amp; aParams )
    {
    TInt errorCode = iServer.Connect();
    if ( errorCode == KErrNone )
        {
        iServer.DoAsyncOperation( aStatus );
        }
    else
        {
        TRequestStatus* status = &amp;aStatus;
        User::RequestComplete( status, errorCode );
        }
    }
</codeblock>
<p>A class derived from <codeph>CSystemStartupExtension</codeph> must provide
an implementation to cancel the request made in <codeph>ExecuteL</codeph>.
S60 Starter Server calls the <codeph>Cancel()</codeph> function of the plug-in
if the operation takes too long or a fatal error occurs while the request
is pending. </p>
<p><b>Example:</b></p>
<codeblock>void CMyExtensionPlugin::Cancel()
    {
    iServer.CancelAsyncOperation();
    }
</codeblock>
<p>The sequence diagram in Figure 2 shows the sequence of actions in a successful
scenario of loading and executing a system startup extension plug-in.<fig>
<title>Loading and executing a system startup extension plug-in</title>
<image href="images\System_Startup_Extension_Plugin_Sequence1.PNG"></image>
</fig></p>
<p><table>
<tgroup cols="1">
<?PubTbl tgroup dispwid="829.00px"?>
<colspec colname="col1" colwidth="1.00*"/>
<tbody>
<row>
<entry>1-3: S60 Starter Server creates the plug-in implementation via ECom
based on the implementation UID specified in the system startup configuration
resource.</entry>
</row>
<row valign="top">
<entry>4: S60 Starter Server starts a timer to be notified if the plug-in
request does not complete in time.</entry>
</row>
<row valign="top">
<entry>5. S60 Starter Server calls the plug-in object's <codeph>ExecuteL</codeph> method.
The plug-in object initiates the task it is designed to handle.</entry>
</row>
<row valign="top">
<entry>6: When the plug-in-specific task has been completed, the plug-in object
completes the request using the request status object that was given as a
parameter to the <codeph>ExecuteL</codeph> function.</entry>
</row>
<row valign="top">
<entry>7. S60 Starter Server stops the timer.</entry>
</row>
<row valign="top">
<entry>8. S60 Starter Server deletes the plug-in object.</entry>
</row>
</tbody>
</tgroup>
</table></p>
<p>If the class derived from <codeph>CSystemStartupExtension</codeph> requires
a file server session in its implementation, it should use <codeph>CSystemStartupExtension</codeph>s <codeph>iFs</codeph> member
variable. It is of type <codeph>RFs&amp;</codeph>. The plug-in implementation
may not call <codeph>iFs.Close()</codeph> or <codeph>iFs.Connect()</codeph>.
The file server session is already connected when the plug-in is created,
and it will be used also after the plug-in is destroyed.</p>
</body>
</topic>
<topic id="pluginconf">
<title>Plug-in configuration</title>
<body>
<p>System Startup Extension Plug-in API is implemented as a Symbian OS ECom
plug-in. For more information about ECom plug-ins, refer to Symbian documentation. </p>
<p>With the ECom architecture, special care must be taken when writing the
registration resource files. </p>
<p><ul>
<li>The resource file must follow resource format version 2 or newer (see
Symbian documentation). The version 1 does not have all the required fields. </li>
<li>The <codeph>rom_only</codeph> field must equal to 1. This also means that
the actual plug-in binary must reside in ROM.</li>
<li>The resource file must implement the <codeph>interface_uid</codeph> of <codeph>0x10205067</codeph>.
This specifies that the plug-in implements System Startup Extension Plug-in
API.</li>
</ul></p>
<p>If these conditions are not fulfilled, the plug-in implementation will
not load correctly. Below is an example resource file demonstrating the correct
values:<codeblock>#include "RegistryInfoV2.rh"

RESOURCE REGISTRY_INFO example_registration_information
    {
    resource_format_version =     
    dll_uid = 0x00000000; // allocate your own UID
    interfaces = 
        {
        INTERFACE_INFO
            {           
            interface_uid = 0x10205067; // UID of System startup extension plug-in API
            implementations = 
                {
                IMPLEMENTATION_INFO
                    {
                    /* Allocate your own UID. This is the UID to be specified when
                       adding the plug-in to system startup configuration resource. */
                    implementation_uid = 0x00000000;
                    version_no = 1;    // this field is not needed
                    display_name = ""; // this field is not needed
                    default_data = ""; // this field is not needed
                    opaque_data = "";  // this field is not needed
                    rom_only = 1;
                    }
                };
            }
        };
    }
</codeblock></p>
</body>
</topic>
<topic id="topic3.2">
<title>Error handling</title>
<body>
<p>Possible error conditions common for all system startup extension plug-ins
are:<ul>
<li>The plug-in implementation specified in the system startup configuration
resource is not found.</li>
<li>The plug-in instantiation fails.</li>
<li>The <codeph>ExecuteL</codeph> method leaves.</li>
<li>The plug-in implementation does not complete the request in the maximum
time specified in the system startup configuration resource. </li>
<li>The plug-in implementation completes the request with an error code.</li>
</ul></p>
<p>How the error is handled depends on whether the plug-in is a part of the
critical or non-critical phase of startup. System startup extension plug-in
failures during the critical phase are considered as fatal errors, and the
general error handling policy of S60 Starter Server applies. System startup
extension plug-in failures during the non-critical phase are ignored.</p>
<p>Errors caused by badly implemented or misbehaving plug-in DLLs (such as
a plug-in implementation panicking or crashing) can not be detected by S60
Starter Server, and they effectively cause an uncontrolled reset.</p>
</body>
</topic>
<topic id="topic3.3">
<title>Memory overhead</title>
<body>
<p>The memory overhead is implementation-dependant.</p>
</body>
</topic>
<topic id="topic3.4">
<title>Extensions to the API</title>
<body>
<p>System Startup Extension Plug-in API is not intended to be extended.</p>
</body>
</topic>
</topic>
<topic id="topic4">
<title>Glossary</title>
<body></body>
<topic id="topic4.1">
<title>Abbreviations</title>
<body>
<table frame="all">
<title>Abbreviations</title>
<tgroup cols="2"><colspec colname="col1"/><colspec colname="col2"/>
<thead>
<row>
<entry colsep="1" rowsep="1" valign="top"><p>None.</p></entry>
<entry rowsep="1" valign="top"></entry>
</row>
</thead>
<tbody>
<row>
<entry colsep="1"></entry>
<entry></entry>
</row>
</tbody>
</tgroup>
</table>
</body>
</topic>
<topic id="topic4.2">
<title>Definitions</title>
<body>
<table frame="all">
<title>Definitions</title>
<tgroup cols="2"><colspec colname="col1"/><colspec colname="col2"/>
<tbody>
<row>
<?PubTbl row rht="0.36in"?>
<entry colsep="1" rowsep="1">System startup configuration resource</entry>
<entry rowsep="1">A resource file defining lists of the servers and applications
to start and the system startup extension plug-ins to load in each phase of
the startup.</entry>
</row>
</tbody>
</tgroup>
</table>
</body>
</topic>
</topic>
<topic id="topic4.3">
<title>References</title>
<body>
<table>
<title>References</title>
<tgroup cols="2"><colspec colname="col1" colwidth="0.90*"/><colspec colname="col2"
colwidth="1.10*"/>
<tbody>
<row>
<entry>1. S60 3.2 Startup Subsystem Architecture Description</entry>
<entry></entry>
</row>
<row>
<entry>2. S60 Starter Design Document</entry>
<entry></entry>
</row>
<row>
<entry>3. S60 Startup List API Specification</entry>
<entry></entry>
</row>
</tbody>
</tgroup>
</table>
</body>
</topic>
</dita>
<?Pub *0000017157?>
