﻿<?xml version="1.0" encoding="utf-8"?>
<!--Arbortext, Inc., 1988-2004, v.4002-->
<!DOCTYPE dita PUBLIC "-//IBM//DTD DITA Composite//EN"
 "ditabase.dtd">
<?Pub UDT instructions _comment FontColor="red"?>
<?Pub UDT template _font?>
<dita xmlns:atict="http://www.arbortext.com/namespace/atict"><atict:info tracking="off"
ref="0"/><atict:user user="laleskin" fullname="Leskinen Lauri (EXT-Kudos-MSW/Helsinki)"/>
<atict:user user="petuomin" fullname="Tuominen Petteri (Nokia-TP-MSW/Helsinki)"/>
<topic id="mainTopic" otherprops="" product="documentTitle" rev="DN076056">
<title>S60 5.0 Accessory Monitoring API</title>
<prolog>
<copyright><copyryear year="2007"/><copyrholder>Nokia</copyrholder></copyright>
<metadata>
<category>SDK</category>
</metadata></prolog>
<body>
<table audience="S60 licensees" platform="5.0" rev="S605.0licensee">
<title>Changes in S60 5.0 Accessory Monitoring API documentation</title>
<tgroup cols="4">
<?PubTbl tgroup rth="1.00pt"?>
<colspec colname="col1" colwidth="0.67*"/><colspec colname="col2" colwidth="0.67*"/>
<colspec colname="col3" colwidth="1.33*"/><colspec colname="col4" colwidth="1.33*"/>
<thead>
<row>
<entry>Version</entry>
<entry>Date</entry>
<entry>Status</entry>
<entry>Description</entry>
</row>
</thead>
<tbody>
<row>
<entry>1.0</entry>
<entry>30.01.2007</entry>
<entry>Approved</entry>
<entry></entry>
</row>
<row>
<entry></entry>
<entry></entry>
<entry></entry>
<entry></entry>
</row>
</tbody>
</tgroup>
</table>
<table audience="S60 SDK" platform="5.0" rev="S605.0SDK">
<title>Changes in S60 5.0 Accessory Monitoring API</title>
<tgroup cols="2"><colspec colname="COLSPEC0" colwidth="0.33*"/><colspec colname="col1"
colwidth="1.67*"/>
<thead>
<row>
<entry>Version</entry>
<entry>Description</entry>
</row>
</thead>
<tbody>
<row>
<entry></entry>
<entry></entry>
</row>
<row>
<entry></entry>
<entry></entry>
</row>
</tbody>
</tgroup>
</table>
</body>
</topic>
<topic id="topic1">
<title>Purpose</title>
<body>
<p></p>
<p>The purpose of this API is to provide information about connected accessories.
It also provides a mechanism to detect accessory connection/disconnection
notifications.</p>
</body>
<topic id="topic1.1">
<title>S60 or Symbian OS exceptions</title>
<body>
<p></p>
<p>Accessory Monitoring API requires S60 5.0 or later release.</p>
</body>
</topic>
</topic>
<topic id="topic2">
<title>API description<?Pub Caret?></title>
<body>
<p></p>
<p>The Accessory Monitoring API interface offers accessory information about
connected accessories. This API is meant to be used by clients that need to
access information about connected accessories or clients that need notifications
about accessories that connect/disconnect to the device. This API can be accessed
by all S60 clients. The API provides stand-alone implementation units that
are used by the client and the API provides information about the devices
hardware resources.</p>
</body>
<topic id="topic2.1">
<title>Use cases</title>
<body>
<ul>
<li><xref href="#topic2.3.1.1">Getting connected accessories.</xref></li>
</ul>
<ul>
<li><xref href="#topic2.3.1.2">Getting accessory capabilities.</xref></li>
</ul>
<ul>
<li><xref href="#topic2.3.1.3">Getting capability value.</xref></li>
</ul>
<ul>
<li><xref href="#topic2.3.2.1">Listening all accessory notifications.</xref></li>
</ul>
<ul>
<li><xref href="#topic2.3.2.2">Listening accessory type notifications.</xref></li>
</ul>
<ul>
<li><xref href="#topic2.3.2.3">Listening a specific accessory notifications.</xref></li>
</ul>
<ul>
<li><xref href="#topic2.3.2.4">Handling Connected/Disconnected notifications.</xref></li>
</ul>
<p></p>
</body>
</topic>
<topic id="topic2.2">
<title>API class structure</title>
<body>
<p id="fig1"></p>
<fig>
<title>API class structure</title>
<image href="images\AccMonitorComponent.png"></image></fig>
<p>The <codeph>CAccessoryMonitor</codeph> class in Accessory Monitoring API
has functions for getting connected accessory information and listening the
accessory connection notifications. The client must implement the <codeph>MAccessoryMonitorObserver</codeph> class
to receive accessory connection/disconnection notifications. Information about
one accessory is wrapped to instances of class <codeph>CAccMonitorInfo</codeph>.
Accessory capability definitions for Accessory Monitoring API are declared
in the <i>accmonitorcapabilities.h</i> file.</p>
</body>
</topic>
<topic id="topic2.3">
<title>Using Accessory Monitoring API</title>
<body>
<p></p>
<p>Accessory Monitoring API can be used in:<ul>
<li>Getting accessory information</li>
</ul><ul>
<li>Listening accessory connection/disconnection notifications</li>
</ul>Accessory information from Accessory Monitoring API is presented as instances
of the <codeph>CAccMonitorInfo</codeph> class. This class contains accessory
capabilities and these capabilities describe the features of one accessory.
Some capabilities can be defined more precisely by defining values to these
capabilities. These values can be asked from the accessory monitoring API.</p>
<p>Accessory connection/disconnection notifications can be listened with the <codeph>StartListeningL()</codeph> method.
Connection notifications in client side are received from the <codeph>MAccMonitorObserver</codeph> class.
The client must implement the pure virtual functions from this class. Connection
notifications are received through the <codeph>ConnectedL()</codeph> method
and disconnection notifications are received through the <codeph>DisconnectedL()</codeph> method.</p>
</body>
<topic id="topic2.3.1">
<title> Getting accessory information</title>
<body>
<fig id="fig2">
<title>Getting accessory information</title>
<image href="images\GetAccessories.PNG"></image></fig>
<p></p>
<p>The client gets connected accessory information.</p>
</body>
<topic id="topic2.3.1.1">
<title>Getting all connected accessories</title>
<body>
<p>The client creates an instance of the <codeph>CAccMonitor</codeph> class
and calls the <codeph>GetConnectedAccessoriesL()</codeph> method. This method
returns all connected accessories in an array that contains instances of the <codeph>CAccMonitorInfo</codeph> class.
Getting accessory's information from the array is presented in the following
code example:</p>
<example><codeblock>CAccMonitor* accMonitor = CAccMonitor::NewLC();
RConnectedAccessories connectedAccessories;
CleanupClosePushL( connectedAccessories );
accMonitor->GetConnectedAccessoriesL( connectedAccessories );
count = connectedAccessories.Count();
for( TInt i = 0; i != count; i++ )
   {
   if( connectedAccessories[ i ]->AccDeviceType() == KAccMonHeadset );
	 		{
       _LIT( KHeadsetText, "A headset is connected" );
       RDebug::Printf( KHeadsetText );
			}
   }
CleanupStack::PopAndDestroy( &amp;connectedAccessories );
CleanupStack::PopAndDestroy( accMonitor );
</codeblock></example>
</body>
</topic>
<topic id="topic2.3.1.2">
<title>Getting accessory capabilities</title>
<body>
<p>A client gets the capabilities from an instance of <codeph>CAccMonitorInfo</codeph> with
methods provided by this class. All the accessories capabilities are owned
by this instance. One capability can be got with method <codeph>AccCapabilityAtIndex()</codeph> as
is presented in the next example:</p>
<example><codeblock>// Connected accessories are gotten as in previous example
const TInt lastConnectedAccessory( 0 );
// The accessory that was connected last is first in the array
cAccMonitorInfo* accInfo 
		= cAccMonitorInfo::NewL( connectedAccessories[ lastConnectedAccessory ] );
for( TInt i = 0; i != accInfo->Count(); i++ )
   {
   if( accInfo->AccCapabilityAtIndex( i ) == KAccMonStereoAudio )
       {
       // Some accessory has stereo audio capability
			_LIT( StereoText, "Stereo audio can be played to some accessory" );
			RDebug::Printf( StereoText );
       }
   }
delete accInfo;</codeblock></example>
</body>
</topic>
<topic id="topic2.3.1.3">
<title>Getting capability value for an accessory</title>
<body>
<p>A client gets a value for a capability. This value for the capability is
gotten from the <codeph>CAccMonitor</codeph> class with the <codeph>GetCapabilityValueL()</codeph> method.
An example of this is presented in the next example.</p>
<example><codeblock>// Connected accessories and their capabilities are got as in previous examples
TAccMonitorCapability capability( KAccMonVideoOut );
TInt value( 0 );
accMonitor->GetCapabilityValueL( accInfo, capability, value );
// Capability value is retuned to value variable
</codeblock></example>
<fig id="fig3">
<title>Getting capability value for an accessory</title>
<image href="images\HasCapabilityValue.png"></image></fig>
<p></p>
</body>
</topic>
</topic>
<topic id="topic2.3.2">
<title>Listening accessory connection/disconnection notifications</title>
<body>
<fig id="fig4">
<title>Listening accessory connections/disconnection notifications</title>
<image href="images\NotifyClient.png"></image></fig>
</body>
<topic id="topic2.3.2.1">
<title>Listening all accessory connection/disconnection notifications</title>
<body>
<p>The client starts to listen to all accessory connection/disconnection notifications
with the <codeph>StartObservingL( aObserver )</codeph> method. Accessory Monitoring
API notifies its clients with the <codeph>ConnectedL()</codeph> method when
an accessory is connected. When an accessory is disconnected the clients are
notified with the <codeph>Disconnected</codeph>L() method.</p>
<example><codeblock>CAccMonitor* accMonitor = CAccMonitor::NewLC()
TBool isObserving = accMonitor->IsObserving();
if( isObserving )
	{
  accMonitor->StartObserverL( this );
  }
CleanupStack::PopAndDestroy( accMonitor );
</codeblock></example>
</body>
</topic>
<topic id="topic2.3.2.2">
<title>Listening accessory type connection/disconnection notifications</title>
<body>
<p>The client can start listening specific types of accessory connection/disconnection
notifications with the <codeph>StartObservingL( aObserver, aCapabilityArray
)</codeph> method. The accessory type that needs to be listened can defined
with accessory capabilities. These capabilities are given as parameter to
the function in an array. For example if the client wants to listen headset
connection/disconnection notifications, the headset capability needs to be
appended to an array and this array is given as parameter to the <codeph>StartObservingL()</codeph> function.
Accessory Monitoring API notifies its clients with the <codeph>Connected</codeph> method
when the listened accessory is connected. When the listened accessory is disconnected
the clients are notified with the <codeph>Disconnected()</codeph> method.
An example of starting to listen to headset connection/disconnection notifications:</p>
<example><codeblock>CAccMonitor* accMonitor = CAccMonitor::NewLC();
RAccMonCapabilityArray capabilityArray;
CleanupClosePushL( capabilityArray );
capabilityArray.Append( KAccMonHeadset );
TBool isObserving = accMonitor->IsObserving();
if( isObserving )
	{
  accMonitor->StartObserverL( this, capabilityArray );
	}
CleanupStack::PopAndDestroy( &amp;capabilityArray );
CleanupStack::PopAndDestroy( accMonitor );
</codeblock></example>
</body>
</topic>
<topic id="topic2.3.2.3">
<title>Listening a specific accessory connection/disconnection notifications</title>
<body>
<p>The client starts to listen a specific accessory connection/disconnection
notifications with the <codeph>StartObservingL( aObserver, aAccMonitorInfo
)</codeph> method. An instance of <codeph>CAccMonitorInfo</codeph> of the
accessory that needs to be listened is given as parameter to the <codeph>StartObservingL()</codeph> method,
so this means that this accessory must have been connected to the terminal
to get the information of this accessory. Accessory Monitoring API notifies
its clients with the <codeph>Connected</codeph>L() method when the listened
accessory is connected. When the listened accessory is disconnected the clients
are notified with the <codeph>Disconnected</codeph>L() method. An example
of starting to listen to connection/disconnection notifications from a specific
accessory that is connected:</p>
<example><codeblock>CAccMonitor* accMonitor = CAccMonitor::NewLC();
RConnectedAccessories array;
CleanupClosePushL( array );
accMonitor->GetConnectedAccessoryL( array );
if( isObserving )
	{
  for( TInt i = 0; count != i; i++ )
		{
		if( array[ i ]->AccDeviceType() == KAccMonHeadset
		&amp;&amp; array[ i ]->AccPhysicalConnection() == KAccMonWired )
			{
			// Start observing just that wired headset that is connected
			accMonitor->StartObserverL( this, array[ i ] );
			break;
			}
		}
  	}
CleanupStack::PopAndDestroy( &amp;array );
CleanupStack::PopAndDestroy( accMonitor );
</codeblock></example>
</body>
</topic>
<topic id="topic2.3.2.4">
<title>Handling Connected/Disconnected notifications</title>
<body>
<p>When Accessory Monitoring API calls the <codeph>ConnectedL()</codeph> method
that the client has implemented, the accessory that was listened is connected
to the device. The information about the connected accessory is delivered
in the parameter <codeph>aAccessoryInfo</codeph>. The content of this pointer
must be copied to an instance of the <codeph>CAccMonitorInfo</codeph> class
(with the <codeph>CopyL()</codeph> method) because the original pointer is
destroyed by Accessory Monitoring API after this the <codeph>ConnectedL()</codeph> method
has been run.</p>
<example><codeblock>void CMyAccMonitorTest::ConnectedL( CAccMonitorInfo* aAccessoryInfo )
    {
    //Reserve memory for the accessory information instance
		iAccessoryInfo = CAccMonitorInfo::NewL();
	  // Notification about the connected accessory. aAccessoryInfo must
    // be copied because the original pointer is deleted after connected method
    iAccessoryInfo->CopyL( aAccessoryInfo );
    }
</codeblock></example>
</body>
</topic>
</topic>
<topic id="topic2.3.3">
<title>Error handling</title>
<body>
<p></p>
<p>When a leave occurs in the active object's <codeph>RunL()</codeph> method
the <codeph>AccMonitorObserverError()</codeph> method is called by Accessory
Monitoring API. This method must be implemented by the client. Otherwise standard
Symbian OS error handling is used.</p>
</body>
</topic>
<topic id="topic2.3.4">
<title>Memory overhead</title>
<body>
<p>No significant memory overhead. ROM consumption is 4KB.</p>
</body>
</topic>
<topic id="topic2.3.5">
<title>Extensions to the API</title>
<body>
<p></p>
<p>No extensions.</p>
</body>
</topic>
</topic>
</topic>
<topic id="topic3">
<title>Glossary</title>
<body></body>
<topic id="topic3.1">
<title>Abbreviations</title>
<body>
<p></p>
<table frame="all">
<title></title>
<tgroup cols="2"><colspec colname="col1"/><colspec colname="col2"/>
<thead>
<row>
<entry colsep="1" rowsep="1" valign="top"><p>Abbreviation</p></entry>
<entry rowsep="1" valign="top"><p>Description</p></entry>
</row>
</thead>
<tbody>
<row>
<entry>API</entry>
<entry>Application Programming Interface.</entry>
</row>
<row>
<entry colsep="1" rowsep="1">OS</entry>
<entry rowsep="1">Operating System</entry>
</row>
</tbody>
</tgroup>
</table>
</body>
</topic>
<topic id="topic3.2">
<title>Definitions</title>
<body>
<p></p>
<table frame="all">
<title></title>
<tgroup cols="2"><colspec colname="col1"/><colspec colname="col2"/>
<tbody>
<row>
<entry colsep="1" rowsep="1"><p>Definition</p></entry>
<entry rowsep="1"><p>Description</p></entry>
</row>
<row>
<entry>Accessory</entry>
<entry>A peripheral that is connected to the device.</entry>
</row>
<row>
<entry>Accessory capability</entry>
<entry>A feature or a quality that an accessory has, for example stereo audio
capability means that the accessory has capability for handling stereo audio.</entry>
</row>
<row>
<entry>Accessory type</entry>
<entry>Accessory that is defined with different features. For example a mono
headset is an accessory that has headset capability and mono audio capability.</entry>
</row>
<row>
<entry>Capability value</entry>
<entry>A value that the accessory capability can have.</entry>
</row>
</tbody>
</tgroup>
</table>
</body>
</topic>
</topic>
<topic id="topic4">
<title>References</title>
<body>
<p></p>
<p>None.</p>
</body>
</topic>
</dita>
<?Pub *0000016161?>
