﻿<?xml version="1.0" encoding="utf-8"?>
<!--Arbortext, Inc., 1988-2004, v.4002-->
<!DOCTYPE dita PUBLIC "-//IBM//DTD DITA Composite//EN"
 "ditabase.dtd">
<?Pub UDT instructions _comment FontColor="red"?>
<?Pub UDT template _font?>
<dita xmlns:atict="http://www.arbortext.com/namespace/atict"><atict:info tracking="off"
ref="0"/><atict:user user="laleskin" fullname="Leskinen Lauri (EXT-Kudos-MSW/Helsinki)"/>
<atict:user user="petuomin" fullname="Tuominen Petteri (Nokia-TP-MSW/Helsinki)"/>
<topic id="mainTopic" otherprops="" product="documentTitle" rev="DN0750027">
<title>S60 5.0 Sensor API Specification Document</title>
<prolog>
<copyright><copyryear year="2007"/><copyrholder>Nokia</copyrholder></copyright>
<metadata>
<category>SDK</category>
</metadata></prolog>
<body>
<table audience="S60 licensees" platform="5.0" rev="S605.0licensee">
<title>Changes in S60 5.0 Sensor API documentation</title>
<tgroup cols="4">
<?PubTbl tgroup rth="1.00pt"?>
<colspec colname="col1" colwidth="0.67*"/><colspec colname="col2" colwidth="0.67*"/>
<colspec colname="col3" colwidth="1.33*"/><colspec colname="col4" colwidth="1.33*"/>
<thead>
<row>
<entry>Version</entry>
<entry>Date</entry>
<entry>Status</entry>
<entry>Description</entry>
</row>
</thead>
<tbody>
<row>
<entry>1.0</entry>
<entry>29.06.2007</entry>
<entry>Approved</entry>
<entry></entry>
</row>
</tbody>
</tgroup>
</table>
<table audience="S60 SDK" platform="5.0" rev="S605.0SDK">
<title>Changes in S60 5.0 Se<?Pub Caret?>nsor Channel API documentation</title>
<tgroup cols="2"><colspec colname="COLSPEC0" colwidth="0.33*"/><colspec colname="col1"
colwidth="1.67*"/>
<thead>
<row>
<entry>Version</entry>
<entry>Description</entry>
</row>
</thead>
<tbody>
<row>
<entry>1.0</entry>
<entry>First version</entry>
</row>
</tbody>
</tgroup>
</table>
</body>
</topic>
<topic id="Changes">
<title>Changes</title>
<body>
<table frame="all">
<tgroup cols="3"><colspec colname="col1" colwidth="0.59*"/><colspec colname="COLSPEC4"
colwidth="0.68*"/><colspec colname="col2" colwidth="2.36*"/>
<thead>
<row>
<entry>Type</entry>
<entry>Class</entry>
<entry>Change</entry>
</row>
</thead>
<tbody>
<row>
<entry>First release.</entry>
<entry></entry>
<entry></entry>
</row>
</tbody>
</tgroup>
</table>
</body>
</topic>
<topic id="topic1">
<title>Purpose</title>
<body>
<p>Sensor API provides the clients with the access to the data provided by
various sensors of the device. </p>
</body>
</topic>
<topic id="topic1.1">
<title>Constraints</title>
<body>
<p>This API is valid for all platforms running on Symbian OS 9.3 or later. </p>
</body>
</topic>
<topic id="topic1.2">
<title>Classification and release information</title>
<body>
<p> This API is an SDK API and was first published in S60 release 5.0. </p>
</body>
</topic>
<topic id="topic2">
<title>API description</title>
<body>
<p><?Pub Dtl?><!--Describe the purpose of usage of the interface and services provided by the interface, from the client’s point of view: what are the problems that the API solves. Explain shortly the type of clients the API is meant for (end user applications, system applications, some special type of clients in certain subject area, etc.).

Give also information of the logical and technical type of the API is described. NOTE! Logical and techinal types are not used for API classification, they are just used to describing the characteristics of the documented API.

The logical type can be one of following: 

- Framework API
- Library API
- Virtual Machine API
- Settings API
- Or a combination of above (e.g Virtual Machine & Framework API, Framework & Library API, Virtual Machine & Settings API etc.)

Framework API:  the client provides code that is used by the API implementation; this means that the API implementation has the main logic that the client extends by plugging in its own code. Usually this means that the API provides base classes from which the client derives its own classes. The derived classes implement the functionality that is specific for the client’s usage of the API.

Library API: the API provides stand-alone implementation units (classes, methods, functions) that are used by the client. The provided implementation is typically used in the context of the client’s thread. The implementation units are delivered in a DLL so that many clients can share the same implementation. The units (classes, functions) provided by the API can typically be used independent of each other.

Virtual Machine API: the API provides access to a shared software or hardware resource in the system or it encapsulates some other kind of abstraction best characterized as a machine (like a complex data structure). Usually this means that there is a certain protocol that the client must obey to use the API, e.g. an open-use-close cycle. The protocol also dictates policies for handling errors, reserving and releasing remote resources, canceling/renewing requests, and monitoring the state of the shared resource.

Settings API: the API provides operations for configuring, managing, and monitoring the properties that affect the behavior of some particular service(s). For example, a Virtual Machine API may have an associated Settings API.

Provide also details of the technical type of the API. Below are examples of possible technical types:
- Method call (interface uses only local objects),
- Client-Server interface (basic Symbian OS session interface),
- Server Client API (active object-based implementation encapsulating session interface), 
- Device Driver interface,
- Some other form of IPC used (e.g. sockets, some special protocol and data format like XML etc.). 
--><?Pub (instructions)?></p>
<p>Sensor API consist of two parts: sensor channel API and sensor definitions
API. Sensor channel API defines the basic functionality of and utilities of
sensor API. Sensor definitions API defines the features of different sensors.
Sensor API is a library API providing methods to listen data provided by sensor
channels. Sensor channels may also support condition listening to get notified
when some limit is met for a channel. Sensor channels are configured with
properties such as data rate.</p>
<p>Sensor channel measuring the acceleration of the device, three dimensional
Cartesian coordinate system is used to illustrate direction of the acceleration,
see the figure below. The x- and y- axes defines a plane where z-axis direction
is perpendicular to the xy plane. When a phone is moving along an axis, the
acceleration is positive if movement is towards positive direction and negative
if movement is on negative direction. E.g. when a phone is moving along x-axis
to the direction of -x, the acceleration is negative.</p>
<p><fig>
<title>Three-dimensional Cartesian coordinate system with z-axis pointing
away from the phone display.</title>
<image href="images\Sensor_API_coordinate_system.PNG"></image></fig></p>
<p>The orientation of a phone is illustrated with six basic orientations,
see the figure below. In display up and display down orientation the gravitation
is along the y-axis. In phone left side up and phone right side up orientation
the gravitation is along the x-axis. In display upwards and display downwards
orientation the gravitation is along the z-axis.</p>
<p><fig>
<title>Six basic orientations of a phone</title>
<image href="images\Sensor_API_orientation.PNG"></image></fig></p>
</body>
<topic id="topic2.1">
<title>Use cases</title>
<body>
<p>Sensor channel data listening related use cases:<ul>
<li><xref href="#topic3.1">Finding, opening and closing a channel</xref></li>
<li><xref href="#topic3.2">Listening channel data</xref></li>
<li><xref href="#topic3.3">Listening channel changes</xref></li>
</ul></p>
<p>Sensor channel properties related use cases:<ul>
<li><xref href="#topic3.4">Getting channel properties</xref></li>
<li><xref href="#topic3.5">Setting channel properties</xref></li>
<li><xref href="#topic3.51">Array properties</xref></li>
<li><xref href="#topic3.52">Scaling channel data</xref></li>
<li><xref href="#topic3.6">Listening channel property changes</xref></li>
</ul></p>
<p>Sensor channel conditions related use cases:<ul>
<li><xref href="#topic3.7">Listening channel data with condition</xref></li>
</ul></p>
</body>
</topic>
<topic id="topic2.2">
<title>API class structure</title>
<body>
<p>Channel finder <codeph>CSensrvChannelFinder</codeph> provides interfaces
to search and find sensor channels that the system provides. The client can
listen if new channels are installed to the system via the <codeph>MSensrvChannelListener</codeph> callback
interface.</p>
<p></p>
<p>Sensor channel <codeph>CSensrvChannel</codeph> provides methods to open
and control a sensor channel. The class provides operations to:</p>
<ul>
<li><p>Start and stop channel data listening. Operation for getting the new
data is also provided. New data availability is informed via the <codeph>MSensrvDataListener</codeph> callback
interface.</p></li>
<li>Start and stop channel condition listening. The condition reached is informed
via the <codeph>MSensrvChannelConditionListener</codeph> callback interface.
Conditions are encapsulated to the classes <codeph>CSensrvChannelConditionSet</codeph> and <codeph>CSensrvChannelCondition</codeph>.</li>
<li>Set and get channel properties. Property changes can be listened via the <codeph>MSensrvPropertyListener</codeph> callback
interface.</li>
</ul>
<p></p>
<p><fig>
<title>Sensor API class structure</title>
<image href="images\Sensor_API_class_structure.PNG"></image></fig></p>
<p>The client creates an instance of C classes using the standard Symbian <codeph>NewL</codeph> two
phase construction. If a callback interface is required the client must implement
the appropriate M class and provide its pointer when required.</p>
</body>
</topic>
</topic>
<topic id="topic3">
<title>Using Sensor API</title>
<body>
<p>To use a sensor channel, the client must find a channel and open it. The <codeph>CSensrvChannelFinder</codeph> class
provides functionality to find channels. The <codeph>CSensrvChannel</codeph> class
provides functionality to open and control channels. </p>
<p>The supported sensor channels are declared in the sensor definitions API.
The amount of implemented channels may vary between products. For each channel
a channel type ID constant and a short description is provided. Double tapping
channel declaration is shown below as an example. There are two types of channels:
raw data channels and event channels. Raw data channels provide data continuously
and event channels provide data when an appropriate event occurs. Data type
describes what type of data the channel provides.</p>
<example><p><codeblock>    /**
    * - Name:          Double tapping event channel type
    * - Type:          Event
    * - Datatype:      TSensrvTappingData
    * - Description:   Double tapping events 
    */
    const TSensrvChannelTypeId KSensrvChannelTypeIdAccelerometerDoubleTappingData = 0x10205081;</codeblock></p></example>
<p>Channel data types are declared in each sensors header file. Channel data
type is the type of an object which a sensor channel provides. Double tapping
channel data type declaration is shown below. </p>
<example><p><codeblock>    class TSensrvTappingData 
        {
    public:
        /**
        * Channel data type Id number
        */
        static const TSensrvChannelDataTypeId KDataTypeId = 0x1020507F;

        /**
        * Channel data type enumerations
        */
        enum TSensrvAccelerometerAxisDataIndexes
              {
              iTimeStamp = 0,
              iDirection
              };
            };

    public:
        /**
        * - Item name:   Sampling time.
        * - Item Index:  0
        * - Conditions:  None
        * - Description: Timestamp for a sample.
        */   
        TTime iTimeStamp;    

        /**
        * - Item name:   Tapping direction bitmask
        * - Item Index:  1
        * - Conditions:  Binary
        * - Description: Direction bitmask of the tapping event.
        *                See constant definitions above.
        */
        TUint32 iDirection;
        };</codeblock></p></example>
<p>Channel data type ID (e.g. <codeph>TSensrvTappingData::KDataTypeId</codeph>)
is a unique ID for each data type to be able to separate data types from each
other. Data type ID is used in <codeph>TSensrvChannelInfo</codeph> to define
data type used in a channel. </p>
<p>Channel data type index (e.g. <codeph>TSensrvTappingData::iDirection</codeph>)
is used to point to an attribute inside a data type. Attributes of the <codeph>TSensrvTappingData</codeph> class
are <codeph>iTimeStamp</codeph> and <codeph>iDirection</codeph>. Channel data
type index is used in:</p>
<ul>
<li>properties (<codeph>TSensrvProperty</codeph>) if a property scope is a
channel item</li>
<li>conditions (<codeph>CSensrvChannelCondition</codeph>) to identify which
attribute is used as a condition</li>
</ul>
<p>Channel properties are declared in the <i>sensrvgeneralproperties.h</i> and
sensor specific files. General properties for all channel types are declared
in the <i>sensrvgeneralproperties.h</i> file and accelerometer specific properties
are declared in the <i>sensrvaccelerometersensor.h</i> file. For each property,
a property ID constant and a short description are provided. Property type
specifies the type of the value the property contains, it can be <codeph>TInt</codeph>, <codeph>TReal</codeph> or <codeph>TBuf</codeph>.
Property scope can be defined for: </p>
<ul>
<li>a channel</li>
<li>a specific attribute inside channel data</li>
<li>a sensor related to a channel.</li>
</ul>
<p>A mandatory section specifies if the property is required for all channels.
Capability section specifies the required capabilities to change value of
the property. Accuracy property is shown below as an example.</p>
<example><p><codeblock>    /**
    * - Name:         Accuracy of the channel data
    * - Type:         TReal
    * - Scope:        Channel item property
    * - Mandatory:    No
    * - Capability:   None
    * - Description:  Returns the accuracy of this channel of the sensor as a
    *                 percentage of reading (=data value).
    */
    const TSensrvPropertyId KSensrvPropIdChannelAccuracy = 0x000000008;
</codeblock></p></example>
<p>Example content of the Accuracy property is shown below. Properties which
are defined as channel data item specific, item index defines the data item
which the property is related to. If the property is sensor or channel property,
item index is <codeph>KSensrvItemIndexNone</codeph>. Array index is explained
in chapter <xref href="#topic3.51">Array properties</xref>.</p>
<example><p><codeblock>    iPropertyId   = KSensrvPropIdChannelAccuracy
    iItemIndex    = KSensrvItemIndexNone
    iArrayIndex   = ESensrvSingleProperty
    iRealValue    = 10.0
    iReadOnly     = ETrue
    iRealValueMax = n/a
    iRealValueMin = n/a
    iPropertyType = ESensrvRealProperty
    iSecurityInfo = n/a</codeblock></p></example>
</body>
<topic id="topic3.1">
<title>Finding, opening and closing a channel</title>
<body>
<p>The following example shows how to find, open and close a double tapping
channel. An instance of <codeph>CSensrvChannelFinder</codeph> is created to
be able to find channels. The found channels are stored to the <codeph>RSensrvChannelInfoList</codeph> type
of object. All double tapping channels provided by the device are queried
by setting the channel type as <codeph>KSensrvChannelTypeIdAccelerometerDoubleTappingData</codeph> to
the <codeph>TSensrvChannelInfo</codeph> object which is used as search criteria.
After calling the <codeph>FindChannelsL()</codeph> method <codeph>channelInfoList</codeph> contains
all the found double tapping channels. If there are several found channels
the client can select the correct one by examining the content of channel
information objects inside <codeph>channelInfoList</codeph>.</p>
<p>To construct the <codeph>CSensrvChannel</codeph> object properly, a channel
information object from <codeph>channelInfoList</codeph> must be used as a
parameter for the <codeph>NewL()</codeph> constructor. After successful construction
the channel can be opened with the <codeph>OpenChannelL()</codeph> method.
For open channel the client can set and get channel properties, add channel
conditions and listen for sensor data. When the channel is not needed anymore
it must be closed with the <codeph>CloseChannel()</codeph> method.</p>
<example><p><codeblock>    //Construct a channel finder.
    CSensrvChannelFinder* channelFinder;
    channelFinder = CSensrvChannelFinder::NewL();
    CleanupStack::PushL( channelFinder );
    
    //List of found channels.
    RSensrvChannelInfoList channelInfoList;
    CleanupClosePushL( channelInfoList );

    //Create and fill channel search criteria.
    //In this example double tapping channel is searched.
    TSensrvChannelInfo channelInfo;
    channelInfo.iChannelType = KSensrvChannelTypeIdAccelerometerDoubleTappingData;

    //Find the double tapping channel
    channelFinder->FindChannelsL( channelInfoList, channelInfo );

    if( channelInfoList.Count() != 1 )
        {
        //The device doesn't support double tapping channel or
        //there are several double tapping channels.
        }
    else
        {
        //double tapping channel found 
        }

    //Open the double tapping channel.
    //When the channel object is created the channel info object 
    //must be an object returned by CSensrvChannelFinder::FindChannelsL().
    CSensrvChannel* sensorChannel;
    sensorChannel = CSensrvChannel::NewL( channelInfoList[ 0 ] );
    CleanupStack::PushL( sensorChannel ); 
    sensorChannel->OpenChannelL();

    //
    //Double tapping channel is now open.
    //

    //Close the double tapping channel.
    sensorChannel->CloseChannel();

    CleanupStack::PopAndDestroy( sensorChannel );
    CleanupStack::PopAndDestroy( &amp;channelInfoList ); //Close() is being called on "channelInfoList"
    CleanupStack::PopAndDestroy( channelFinder );
</codeblock></p></example>
</body>
</topic>
<topic id="topic3.2">
<title>Listening channel data</title>
<body>
<p>The channel must be opened before starting to listen to channel data. The
following example shows how to start listening to a double tapping channel
and receive data from it. Channel data is received into the receiving buffer
and it can be read using the <codeph>GetData()</codeph> method. When new data
is available in the receiving buffer, a <codeph>DataReceived()</codeph> notification
is delivered via the data listener callback interface <codeph>MSensrvDataListener</codeph>.</p>
<p>In case of double tapping channel, the desired count and maximum count
parameters are set to one to get a <codeph>DataReceived()</codeph> notification
per one double tapping. The buffering period is set to zero to get the <codeph>DataReceived()</codeph> notification
only when double tapping is done. Channel data can be read from the receiving
buffer using the <codeph>GetData()</codeph> method. The receiving buffer is
allocated from heap in the client's thread and its size is the channel data
item size multiplied by maximum number of data items. There are two receiving
buffers for one client, for example in case of the channel data item size
is 20 bytes and the maximum count is 10 results to 400 bytes memory consumption
(20bytes*10*2=400 bytes). On the other hand, small desired data count increases
interprocess communication. The client needs to provide a pointer to the data
listener for the channel to be able to receive <codeph>DataReceived()</codeph> notifications.</p>
<example><p><codeblock>    iSensorChannel->StartDataListeningL( this, //this object is data listener for this channel
                                         1, //aDesiredCount is one, i.e. each double tapping is notified separately
                                         1, //aMaximumCount is one, i.e. object count in receiving data buffer is one
                                         0 );//buffering period is not used

</codeblock></p></example>
<p>To implement data listener the client needs to inherit from the <codeph>MSensrvDataListener</codeph> interface
class and implement declared pure virtual methods. When a new data is available
in the sensor channel and data listening is started, the <codeph>DataReceived()</codeph> method
is called by Sensor API. The following example shows how to handle double
tapping data received notification. First the channel type of the received
data is checked and then data object is get with the <codeph>GetData()</codeph> method.
The <codeph>aCount</codeph> parameter tells the number of data objects in
the channels receiving buffer and it can be zero if the buffering period was
used when data listening was started. The <codeph>aDataLost</codeph> parameter
tells the number of the lost data objects e.g. in heavy load situations.</p>
<example><p><codeblock>    void CTestClass::DataReceived( CSensrvChannel&amp; aChannel, 
                               TInt aCount, 
                               TInt aDataLost )
    {

    if ( aChannel.GetChannelInfo().iChannelType == KSensrvChannelTypeIdAccelerometerDoubleTappingData )
        {
        TSensrvTappingData tappingData;
        TPckg&lt;TSensrvTappingData> tappingPackage( tappingData );

        aChannel.GetData( tappingPackage );
        }

    }</codeblock></p></example>
<p>When data listening is not needed anymore it must be stopped with the <codeph>StopDataListening()</codeph> method.</p>
</body>
</topic>
<topic id="topic3.3">
<title>Listening channel changes</title>
<body>
<p>The channel finder <codeph>CSensrvChannelFinder</codeph> provides functionality
to listen if new channels are installed to the system or old channels are
removed. Listening is started and stopped with the <codeph>SetChannelListenerL()</codeph> method.
When channel change occurs, a <codeph>ChannelChangeDetected()</codeph> notification
is delivered via the channel listener callback interface <codeph>MSensrvChannelListener</codeph>.
There is one restriction on the <codeph>ChannelChangeDetected()</codeph> notification:
 If sensor changes the existing channel registration there must be an open
channel to that sensor to prevent sensor driver unloading. In practise, this
means that at least one channel from this sensor must have a client to keep
the channel open and sensor driver loaded. If the sensor driver is unloaded
while new channels become available it cannot notify new channels until some
existing channel opening causes sensor driver to be reloaded.</p>
</body>
</topic>
<topic id="topic3.4">
<title>Getting channel properties</title>
<body>
<p>The channel must be opened before accessing its properties. The channel
properties are capsulated to the <codeph>TSensrvProperty</codeph> class and
can be queried with the <codeph>GetPropertyL()</codeph> method. The following
example shows how to check accuracy of the channel. <codeph>GetPropertyL()</codeph> leaves
if the channel does not support the Accuracy property. Leave also occurs if
the Accuracy property is defined as channel item property, i.e. item index
must point to valid channel item index e.g. <codeph>TSensrvAccelerometerAxisData::iAxisX</codeph>.</p>
<example><p><codeblock>    TSensrvProperty property;
    TReal propertyValue( 0 );

    iSensorChannel->GetPropertyL( KSensrvPropIdChannelAccuracy,
                                  KSensrvItemIndexNone,
                                  property );

    // KSensrvPropIdDataType is specified as TReal of type in sensrvgeneralproperties.h.
    // Type of the property can also be checked at runtime with PropertyType() method.
    if( property.PropertyType() == ESensrvRealProperty )
        {
        property.GetValue( propertyValue );
        }</codeblock></p></example>
</body>
</topic>
<topic id="topic3.5">
<title>Setting channel properties</title>
<body>
<p>The channel must be opened before accessing its properties. Channel properties
can be changed with the <codeph>SetProperty()</codeph> method. In the following
example the x-axis of accelerometer channel is deactivated. The axis active
property <codeph>KSensrvPropIdAxisActive</codeph> with item index is first
got with the <codeph>GetPropertyL()</codeph> method. If the axis is active
it is deactivated by setting a new value to the previously got property. Updated
property is set with the <codeph>SetProperty()</codeph> method.</p>
<example><p><codeblock>    TSensrvProperty property;
    TInt err( KErrNone );
    TInt axisActive( 0 );

    iSensorChannel->GetPropertyL( KSensrvPropIdAxisActive,
                                  TSensrvAccelerometerAxisData::Index::iAxisX,
                                  property );

    property.GetValue( axisActive );

    if( 1 == axisActive )
        {
        property.SetValue( 0 );//Other value than one means that sensor axis is deactivated.
        err = iSensorChannel->SetProperty( property );
        if( KErrNone == err )
            {
            //Accelerometer x-axis was succesfully deactivated
            }
        }
    else
        {
        //Accelerometer x-axis is allready deactive
        }</codeblock></p></example>
</body>
</topic>
<topic id="topic3.51">
<title>Array properties</title>
<body>
<p>A property which defines multiple discrete values inside one property ID
is called an array property. Array properties can be identified with array
index which can be queried from property with the <codeph>GetArrayIndex()</codeph> method.
For array properties the array index is something else than <codeph>ESensrvSingleProperty</codeph>.
An example of array property is illustrated in the <codeph>KSensrvPropIdDataRate</codeph> property
documentation in the <i>sensorgeneralproperties.h</i> file.</p>
<p>The following example shows how to get current data rate of the channel
which data rate is declared as an array property. First, the <codeph>KSensrvPropIdDataRate </codeph> property
is read with the <codeph>GetPropertyL()</codeph> method. If the property is
an array property the result of the <codeph>GetPropertyL()</codeph> call is
a property with array index <codeph>ESensrvArrayPropertyInfo </codeph>, otherwise
the array information index is <codeph>ESensrvSingleProperty</codeph>. In
case of an array property, the value of the current data rate is in the <codeph>KSensrvPropIdDataRate</codeph> property
which array index is same as the array property's value.</p>
<example><p><codeblock>    TSensrvProperty property;
    TInt err( KErrNone );
    TInt datarate( 0 );

    iSensorChannel->GetPropertyL( KSensrvPropIdDataRate,
                                  KSensrvItemIndexNone,
                                  property );

    if( ESensrvArrayPropertyInfo == property.GetArrayIndex() )
        {
        //Current data rate in use is in KSensrvPropIdDataRate property
        //which array index is declared in array propertys value.
        TInt arrayIndex( 0 );
        property.GetValue( arrayIndex );

        iSensorChannel->GetPropertyL( KSensrvPropIdDataRate,
                                      KSensrvItemIndexNone,
                                      arrayIndex,
                                      property );
                                      
        property.GetValue( datarate );
        }
    else
        {
        //KSensrvPropIdDataRate is a single property and current data rate can be read diretly from it.
        property.GetValue( datarate );
        }
    </codeblock></p></example>
</body>
</topic>
<topic id="topic3.52">
<title>Scaling channel data</title>
<body>
<p>Value of channel data item can represent the actual value of the measured
quantity, or the channel data item can represent relative value which is scaled
to between maximum and minimum value of the measured quantity. The <codeph>KSensrvPropIdChannelDataFormat</codeph> property
defines if channel data items are in scaled format. For scaled data items
the <codeph>KSensrvPropIdScaledRange</codeph> property defines range for the
data item value and the <codeph>KSensrvPropIdMeasureRange</codeph> property
defines range for the measured quantity.</p>
<p>The following example reads the maximum value of measure range for data
items <codeph>(KSensrvPropIdScaledRange)</codeph> and the maximum value of
the measured quantity <codeph>(KSensrvPropIdMeasureRange)</codeph>. The example
takes into account that the <codeph>KSensrvPropIdMeasureRange</codeph> property
can be defined as an array property.</p>
<example><p><codeblock>    TSensrvProperty property;
    TInt  channelDataFormat( ESensrvFormatAbsolute );
    TInt  channelDataScaledRange( 1 );
    TReal channelDataMeasureRangeMaxValue( 1 );

    //Read channel data format
    iSensorChannel->GetPropertyL( KSensrvPropIdChannelDataFormat, KSensrvItemIndexNone, property );
    property.GetValue( channelDataFormat );

    if( ESensrvFormatScaled == channelDataFormat )
        {
        //Read data item scaled range
        iSensorChannel->GetPropertyL( KSensrvPropIdScaledRange, KSensrvItemIndexNone, property );
        property.GetMaxValue( channelDataScaledRange );

        //Read data item measure range
        iSensorChannel->GetPropertyL( KSensrvPropIdMeasureRange, KSensrvItemIndexNone, property );

        if( ESensrvArrayPropertyInfo == property.GetArrayIndex() )
            {
            TInt arrayIndex( 0 );
            property.GetValue( arrayIndex );//Value points to array index currently in use
            iSensorChannel->GetPropertyL( KSensrvPropIdMeasureRange,
                                          KSensrvItemIndexNone,
                                          arrayIndex,
                                          property );
            }
        else
            {
            //Single property
            }
        property.GetMaxValue( channelDataMeasureRangeMaxValue );
        }
    else
        {
        //No scaling needed.
        //Value of the data item represents actual value of the measured quantity.
        }</codeblock></p></example>
<p>Scaled channel data item value can be converted to absolute value by dividing
the channel data item value with the maximum value of scaled range of the
channel and multiplying it with the maximum value of the measured quantity.
E.g. accelerometer channel provides the following properties:</p>
<ul>
<li><codeph>KSensrvPropIdChannelDataFormat </codeph>with value <codeph>ESensrvFormatScaled</codeph></li>
<li><p><codeph>KSensrvPropIdScaledRange</codeph> with maximum value of 127</p></li>
<li><codeph>KSensrvPropIdMeasureRange </codeph>with maximum value of 2 g</li>
<li><codeph>KSensrvPropIdChannelUnit</codeph> with value <codeph>ESensrvUnitGravityConstant</codeph></li>
</ul>
<p>In the above example accelerometer channel data item value 64 means 1,01g
absolute value (64 / 127 * 2g = 1.01g). Value of the channel data item can
also be scaled and the scaling factor is published in the <codeph>KSensrvPropIdChannelScale</codeph> property.</p>
</body>
</topic>
<topic id="topic3.6">
<title>Listening channel property changes</title>
<body>
<p>The channel must be opened before listening to channel property changes.
The client can use the property listener to get notifications about changed
properties. If the client itself changes a property value, no notification
is received. Property changes listening is started and stopped with the <codeph>SetPropertyListenerL()</codeph> method.
When property change occurs, a <codeph>PropertyChanged()</codeph> notification
is delivered via the property listener callback interface <codeph>MSensrvPropertyListener</codeph>.</p>
</body>
</topic>
<topic id="topic3.7">
<title>Listening channel data with condition</title>
<body>
<p>The channel must be opened before listening to channel data with condition.
The following example shows how to start listening to double taps coming from
the x-axis direction. When the condition is met, a <codeph>ConditionMet()</codeph> notification
is delivered via the data listener callback interface <codeph>MSensrvChannelConditionListener</codeph>.</p>
<p>Direction from tapping data (<codeph>TSensrvTappingData</codeph>) is used
as a condition in this example. The direction value is set to the x-axis plus
and minus to get notification from double tap in both x-axis directions. A
condition set is created for a container for one or more conditions. A condition
is created to hold a channel condition item, see detailed comments from the
example below. The condition is added to the condition set and the condition
set is added to the channel. The client has ownership to this condition set
and it has to ensure that the condition set object is valid until the condition
set is removed from the channel or the channel is destroyed. After the condition
set is added to the channel the condition listening is started with the <codeph>StartConditionListeningL()</codeph> method.
The client needs to provide a pointer to the condition listener for the channel
to be able to receive the <codeph>ConditionMet()</codeph> notification.</p>
<example><p><codeblock>    CSensrvChannelCondition* condition = NULL;

    // Condition for double tapping channel is set so that
    // double tap to X-axis triggers condition met notification
    TSensrvTappingData doubleTappingCondition;
    TPckgC&lt;TSensrvTappingData> doubleTappingConditionPckg( doubleTappingCondition );
    doubleTappingCondition.iTimeStamp = 0;    
    doubleTappingCondition.iDirection = KSensrvAccelerometerDirectionXplus | KSensrvAccelerometerDirectionXminus;

    // In this example logical operator to be used in the condition set
    // does not have any effect because only one condition is added
    // to the condition set
    iConditionSet = CSensrvChannelConditionSet::NewL( ESensrvOrConditionSet );
    
    // Binary condition (ESensrvBinaryCondition) is used because double tapping 
    // channel provides bitmask values.
    // Binary and (ESensrvOperatorBinaryAnd) operator is used because operator 
    // checks if a bitmask data value got from double tapping channel has set at least
    // one of the bits set in the condition value. 
    // In other words double tapping direction can be positive or negative. 
    // Item index (3rd parameter) defines which attribute in data item is used for condition evaluation.
    // TSensrvTappingData::Index::iDirection means that iDirection is used 
    // for condition from TSensrvTappingData class.
    // Last parameter (doubleTappingConditionPckg) contains value for 
    // condition evaluation encapsulated in the package descriptor.
    condition = CSensrvChannelCondition::NewLC( ESensrvBinaryCondition,
                                                ESensrvOperatorBinaryAnd,
                                                TSensrvTappingData::Index::iDirection,
                                                doubleTappingConditionPckg );

    //Add condition to condition set
    iConditionSet->AddChannelConditionL( condition );
    
    //Don't delete condition since ownership is transferred to condition set
    CleanupStack::Pop( condition ); 

    // Add condition set for the double tapping channel
    iDoubleTappingConditionChannel->AddConditionL( *iConditionSet );

    // Start condition listening
    //  aObjectCount is one, i.e. each double tapping condition is notified separately
    //  buffering period is not used, i.e. it is set to zero
    iDoubleTappingConditionChannel->StartConditionListeningL( iDataListener2,
                                                              1,
                                                              0 );
</codeblock></p></example>
<p>To implement condition listener the client needs to inherit from the <codeph>MSensrvChannelConditionListener</codeph> interface
class and implement declared pure virtual methods. When a channel condition
set is met and condition listening is started, the <codeph>ConditionMet()</codeph> method
is called by Sensor Channel API. The following example shows how to handle
condition met notification for double tapping channel. First the channel type
of the received data and correct data buffer size is checked. The received
data object is encapsulated in package descriptor thus channel data value
which met the condition is copied to a new package buffer. If the client wants
to use the same condition set after notification, the client has to add the
condition set again to the channel object.</p>
<example><p><codeblock>    void CTestClass::ConditionMet( CSensrvChannel&amp; aChannel,
                               CSensrvChannelConditionSet&amp; aChannelConditionSet,
                               TDesC8&amp; aValue )
    {

    if( aChannel.GetChannelInfo().iChannelType == KSensrvChannelTypeIdAccelerometerDoubleTappingData )
        {
        if ( sizeof(TSensrvTappingData) == aValue.Size() )
            {
            TPckgBuf&lt;TSensrvTappingData> dataBuf;
            dataBuf.Copy( aValue ); 

            //dataBuf() contains channel data value which met the condition

            //Use the same condition set again
            if( iDoubleTappingConditionChannel )
                {
                // Add condition set for the double tapping channel.
                // Condition listening is not stopped thus
                // only new condition set is needed to be added.
                iDoubleTappingConditionChannel->AddConditionL( *iConditionSet );
                }
            }
        else
            {
            //Size of the aValue was unexpected
            }
        }
    else
        {
        //Condition was not met for double tapping channel
        }
	    
    }</codeblock></p></example>
</body>
</topic>
<topic id="topic3.8">
<title>Error handling</title>
<body>
<p>The leave mechanism and return values are used to indicate errors. Normal
Symbian error handling practises should be used, including e.g. using cleanup
stack and the <codeph>TRAP</codeph> harness. Listener callback interfaces
(<codeph>MSensrvDataListener</codeph>, <codeph>MSensrvPropertyListener</codeph>, <codeph>MSensrvChannelConditionListener</codeph> and <codeph>MSensrvChannelListener</codeph
>) offer a callback method for informing error during listening.</p>
</body>
</topic>
<topic id="topic3.9">
<title>Memory overhead</title>
<body>
<p>The Sensor Channel API memory overhead depends on the channel's data rate
and/or size of the data in the receiving buffer. High data rate with small
data receiving buffer causes increased interprocess communication. On the
other hand, big data receiving buffer reserves more memory. See example from
Section <xref href="#topic3.2">Listening channel data</xref>.</p>
</body>
</topic>
</topic>
<topic id="topic4">
<title>Glossary</title>
<body></body>
<topic id="topic4.1">
<title>Abbreviations</title>
<body>
<p>None.</p>
</body>
</topic>
<topic id="topic4.2">
<title>Definitions</title>
<body>
<table frame="all">
<title>Definitions</title>
<tgroup cols="2"><colspec colname="col1" colwidth="0.39*"/><colspec colname="col2"
colwidth="1.61*"/>
<tbody>
<row>
<entry><b>Definition</b></entry>
<entry><b>Description</b></entry>
</row>
<row>
<entry>Channel</entry>
<entry>Abstraction of a sensor. Data from one physical sensor may be mapped
to several channels. </entry>
</row>
<row>
<entry>Channel condition</entry>
<entry>A value-operator pair targeting a single value inside a data item,
indicated by an index. A condition is met when the channel data value comparison
with the condition value using condition operator is true. The conditions
are gathered in condition sets. There are two condition types: single limit
conditions and range conditions. Range conditions are actually made up from
two separate conditions representing lower and upper limits of the range.</entry>
</row>
<row>
<entry>Channel item property</entry>
<entry>A single property inside channel data item.</entry>
</row>
<row>
<entry>Channel property</entry>
<entry>A single channel property.</entry>
</row>
<row>
<entry>Data Item</entry>
<entry>A discrete data package that contains sensor data or an event parsed
from sensor data and possibly some related values, such as timestamp. Each
channel provides single type of data items only. </entry>
</row>
<row>
<entry>Property</entry>
<entry>Properties are configuration values of sensors and channels. Changing
a property affects all clients listening to affected channel(s). </entry>
</row>
<row>
<entry>Sensor</entry>
<entry>Physical sensor. Single sensor can provide multiple channels, such
as raw data channel and event channels, or multiple sensor readings can be
incorporated into a single channel.</entry>
</row>
<row>
<entry colsep="1" rowsep="1">Sensor property</entry>
<entry rowsep="1">These properties affect all channels which draw data from
one physical sensor. </entry>
</row>
</tbody>
</tgroup>
</table>
</body>
</topic>
</topic>
<topic id="topic">
<title>References</title>
<body>
<p>None.</p>
</body>
</topic>
</dita>
<?Pub *0000041018?>
